Workbook

Sheet 空间邻接矩阵
B1: 北京 | C1: 天津 | D1: 河北 | E1: 山西 | F1: 内蒙古 | G1: 辽宁 | H1: 吉林 | I1: 黑龙江 | J1: 上海 | K1: 江苏 | L1: 浙江 | M1: 安徽 | N1: 福建 | O1: 江西 | P1: 山东 | Q1: 河南 | R1: 湖北 | S1: 湖南 | T1: 广东 | U1: 广西 | V1: 海南 | W1: 重庆 | X1: 四川 | Y1: 贵州 | Z1: 云南 | AA1: 西藏 | AB1: 陕西 | AC1: 甘肃 | AD1: 青海 | AE1: 宁夏 | AF1: 新疆
A2: 北京 | B2: 0 | C2: 1 | D2: 1 | E2: 0 | F2: 0 | G2: 0 | H2: 0 | I2: 0 | J2: 0 | K2: 0 | L2: 0 | M2: 0 | N2: 0 | O2: 0 | P2: 0 | Q2: 0 | R2: 0 | S2: 0 | T2: 0 | U2: 0 | V2: 0 | W2: 0 | X2: 0 | Y2: 0 | Z2: 0 | AA2: 0 | AB2: 0 | AC2: 0 | AD2: 0 | AE2: 0 | AF2: 0
A3: 天津 | B3: 1 | C3: 0 | D3: 1 | E3: 0 | F3: 0 | G3: 0 | H3: 0 | I3: 0 | J3: 0 | K3: 0 | L3: 0 | M3: 0 | N3: 0 | O3: 0 | P3: 0 | Q3: 0 | R3: 0 | S3: 0 | T3: 0 | U3: 0 | V3: 0 | W3: 0 | X3: 0 | Y3: 0 | Z3: 0 | AA3: 0 | AB3: 0 | AC3: 0 | AD3: 0 | AE3: 0 | AF3: 0
A4: 河北 | B4: 1 | C4: 1 | D4: 0 | E4: 1 | F4: 1 | G4: 1 | H4: 0 | I4: 0 | J4: 0 | K4: 0 | L4: 0 | M4: 0 | N4: 0 | O4: 0 | P4: 1 | Q4: 1 | R4: 0 | S4: 0 | T4: 0 | U4: 0 | V4: 0 | W4: 0 | X4: 0 | Y4: 0 | Z4: 0 | AA4: 0 | AB4: 0 | AC4: 0 | AD4: 0 | AE4: 0 | AF4: 0
A5: 山西 | B5: 0 | C5: 0 | D5: 1 | E5: 0 | F5: 1 | G5: 0 | H5: 0 | I5: 0 | J5: 0 | K5: 0 | L5: 0 | M5: 0 | N5: 0 | O5: 0 | P5: 0 | Q5: 1 | R5: 0 | S5: 0 | T5: 0 | U5: 0 | V5: 0 | W5: 0 | X5: 0 | Y5: 0 | Z5: 0 | AA5: 0 | AB5: 1 | AC5: 0 | AD5: 0 | AE5: 0 | AF5: 0
A6: 内蒙古 | B6: 0 | C6: 0 | D6: 1 | E6: 1 | F6: 0 | G6: 1 | H6: 1 | I6: 1 | J6: 0 | K6: 0 | L6: 0 | M6: 0 | N6: 0 | O6: 0 | P6: 0 | Q6: 0 | R6: 0 | S6: 0 | T6: 0 | U6: 0 | V6: 0 | W6: 0 | X6: 0 | Y6: 0 | Z6: 0 | AA6: 0 | AB6: 1 | AC6: 1 | AD6: 0 | AE6: 1 | AF6: 0
A7: 辽宁 | B7: 0 | C7: 0 | D7: 1 | E7: 0 | F7: 1 | G7: 0 | H7: 1 | I7: 0 | J7: 0 | K7: 0 | L7: 0 | M7: 0 | N7: 0 | O7: 0 | P7: 0 | Q7: 0 | R7: 0 | S7: 0 | T7: 0 | U7: 0 | V7: 0 | W7: 0 | X7: 0 | Y7: 0 | Z7: 0 | AA7: 0 | AB7: 0 | AC7: 0 | AD7: 0 | AE7: 0 | AF7: 0
A8: 吉林 | B8: 0 | C8: 0 | D8: 0 | E8: 0 | F8: 1 | G8: 1 | H8: 0 | I8: 1 | J8: 0 | K8: 0 | L8: 0 | M8: 0 | N8: 0 | O8: 0 | P8: 0 | Q8: 0 | R8: 0 | S8: 0 | T8: 0 | U8: 0 | V8: 0 | W8: 0 | X8: 0 | Y8: 0 | Z8: 0 | AA8: 0 | AB8: 0 | AC8: 0 | AD8: 0 | AE8: 0 | AF8: 0
A9: 黑龙江 | B9: 0 | C9: 0 | D9: 0 | E9: 0 | F9: 1 | G9: 0 | H9: 1 | I9: 0 | J9: 0 | K9: 0 | L9: 0 | M9: 0 | N9: 0 | O9: 0 | P9: 0 | Q9: 0 | R9: 0 | S9: 0 | T9: 0 | U9: 0 | V9: 0 | W9: 0 | X9: 0 | Y9: 0 | Z9: 0 | AA9: 0 | AB9: 0 | AC9: 0 | AD9: 0 | AE9: 0 | AF9: 0
A10: 上海 | B10: 0 | C10: 0 | D10: 0 | E10: 0 | F10: 0 | G10: 0 | H10: 0 | I10: 0 | J10: 0 | K10: 1 | L10: 1 | M10: 0 | N10: 0 | O10: 0 | P10: 0 | Q10: 0 | R10: 0 | S10: 0 | T10: 0 | U10: 0 | V10: 0 | W10: 0 | X10: 0 | Y10: 0 | Z10: 0 | AA10: 0 | AB10: 0 | AC10: 0 | AD10: 0 | AE10: 0 | AF10: 0
A11: 江苏 | B11: 0 | C11: 0 | D11: 0 | E11: 0 | F11: 0 | G11: 0 | H11: 0 | I11: 0 | J11: 1 | K11: 0 | L11: 1 | M11: 1 | N11: 0 | O11: 0 | P11: 1 | Q11: 0 | R11: 0 | S11: 0 | T11: 0 | U11: 0 | V11: 0 | W11: 0 | X11: 0 | Y11: 0 | Z11: 0 | AA11: 0 | AB11: 0 | AC11: 0 | AD11: 0 | AE11: 0 | AF11: 0
A12: 浙江 | B12: 0 | C12: 0 | D12: 0 | E12: 0 | F12: 0 | G12: 0 | H12: 0 | I12: 0 | J12: 1 | K12: 1 | L12: 0 | M12: 1 | N12: 1 | O12: 1 | P12: 0 | Q12: 0 | R12: 0 | S12: 0 | T12: 0 | U12: 0 | V12: 0 | W12: 0 | X12: 0 | Y12: 0 | Z12: 0 | AA12: 0 | AB12: 0 | AC12: 0 | AD12: 0 | AE12: 0 | AF12: 0
A13: 安徽 | B13: 0 | C13: 0 | D13: 0 | E13: 0 | F13: 0 | G13: 0 | H13: 0 | I13: 0 | J13: 0 | K13: 1 | L13: 1 | M13: 0 | N13: 0 | O13: 1 | P13: 1 | Q13: 1 | R13: 1 | S13: 0 | T13: 0 | U13: 0 | V13: 0 | W13: 0 | X13: 0 | Y13: 0 | Z13: 0 | AA13: 0 | AB13: 0 | AC13: 0 | AD13: 0 | AE13: 0 | AF13: 0
... A32: 新疆 | B32: 0 | C32: 0 | D32: 0 | E32: 0 | F32: 0 | G32: 0 | H32: 0 | I32: 0 | J32: 0 | K32: 0 | L32: 0 | M32: 0 | N32: 0 | O32: 0 | P32: 0 | Q32: 0 | R32: 0 | S32: 0 | T32: 0 | U32: 0 | V32: 0 | W32: 0 | X32: 0 | Y32: 0 | Z32: 0 | AA32: 1 | AB32: 0 | AC32: 1 | AD32: 1 | AE32: 0 | AF32: 0

Sheet 空间经济地理权重矩阵（经纬度和GDP）
A1: 2000-2020年人均GDP差值 | E1: 北京 | F1: 天津 | G1: 河北 | H1: 山西 | I1: 内蒙古 | J1: 辽宁 | K1: 吉林 | L1: 黑龙江 | M1: 上海 | N1: 江苏 | O1: 浙江 | P1: 安徽 | Q1: 福建 | R1: 江西 | S1: 山东 | T1: 河南 | U1: 湖北 | V1: 湖南 | W1: 广东 | X1: 广西 | Y1: 海南 | Z1: 重庆 | AA1: 四川 | AB1: 贵州 | AC1: 云南 | AD1: 西藏 | AE1: 陕西 | AF1: 甘肃 | AG1: 青海 | AH1: 宁夏 | AI1: 新疆
C2: 对称 | E2: 8.0755955 | F2: 7.0052086 | G2: 2.8453065 | H2: 2.5439215 | I2: 4.2731525 | J2: 3.9071957 | K2: 3.1542437 | L2: 2.6824684 | M2: 8.4268583 | N2: 5.9095777 | O2: 5.4787163 | P2: 2.4864434 | Q2: 4.7187197 | R2: 2.459903 | S2: 4.2175162 | T2: 2.6759095 | U2: 3.3424132 | V2: 2.7958168 | W2: 4.792491 | X2: 2.2252832 | Y2: 2.7189891 | Z2: 3.3299924 | AA2: 2.4972705 | AB2: 1.8439877 | AC2: 2.0072418 | AD2: 2.1829651 | AE2: 3.0830648 | AF2: 1.7444562 | AG2: 2.5986712 | AH2: 2.8062147 | AI2: 2.7600586
A3: 2000-2020 | B3: 8.0755955 | D3: 北京 | E3: =$B3-E$2 -> 0 | F3: =$B3-F$2 -> 1.0703869 | G3: =$B3-G$2 -> 5.230289 | H3: =$B3-H$2 -> 5.531674 | I3: =$B3-I$2 -> 3.802443 | J3: =$B3-J$2 -> 4.1683998 | K3: =$B3-K$2 -> 4.9213518 | L3: =$B3-L$2 -> 5.393127 | ... AI3: =$B3-AI$2 -> 5.3155369
A4: 2000-2020 | B4: 7.0052086 | D4: 天津 | E4: =$B4-E$2 -> -1.0703869 | F4: =$B4-F$2 -> 0 | G4: =$B4-G$2 -> 4.1599021 | H4: =$B4-H$2 -> 4.4612871 | I4: =$B4-I$2 -> 2.7320561 | J4: =$B4-J$2 -> 3.0980129 | K4: =$B4-K$2 -> 3.8509649 | L4: =$B4-L$2 -> 4.3227402 | ... AI4: =$B4-AI$2 -> 4.24515
A5: 2000-2020 | B5: 2.8453065 | D5: 河北 | E5: =$B5-E$2 -> -5.230289 | F5: =$B5-F$2 -> -4.1599021 | G5: =$B5-G$2 -> 0 | H5: =$B5-H$2 -> 0.30138501 | I5: =$B5-I$2 -> -1.427846 | J5: =$B5-J$2 -> -1.0618892 | K5: =$B5-K$2 -> -0.3089372 | L5: =$B5-L$2 -> 0.16283808 | ... AI5: =$B5-AI$2 -> 0.0852479
A6: 2000-2020 | B6: 2.5439215 | D6: 山西 | E6: =$B6-E$2 -> -5.531674 | F6: =$B6-F$2 -> -4.4612871 | G6: =$B6-G$2 -> -0.30138501 | H6: =$B6-H$2 -> 0 | I6: =$B6-I$2 -> -1.729231 | J6: =$B6-J$2 -> -1.3632742 | K6: =$B6-K$2 -> -0.61032221 | L6: =$B6-L$2 -> -0.13854693 | ... AI6: =$B6-AI$2 -> -0.21613711
A7: 2000-2020 | B7: 4.2731525 | D7: 内蒙古 | E7: =$B7-E$2 -> -3.802443 | F7: =$B7-F$2 -> -2.7320561 | G7: =$B7-G$2 -> 1.427846 | H7: =$B7-H$2 -> 1.729231 | I7: =$B7-I$2 -> 0 | J7: =$B7-J$2 -> 0.36595683 | K7: =$B7-K$2 -> 1.1189088 | L7: =$B7-L$2 -> 1.5906841 | ... AI7: =$B7-AI$2 -> 1.5130939
A8: 2000-2020 | B8: 3.9071957 | D8: 辽宁 | E8: =$B8-E$2 -> -4.1683998 | F8: =$B8-F$2 -> -3.0980129 | G8: =$B8-G$2 -> 1.0618892 | H8: =$B8-H$2 -> 1.3632742 | I8: =$B8-I$2 -> -0.36595683 | J8: =$B8-J$2 -> 0 | K8: =$B8-K$2 -> 0.75295197 | L8: =$B8-L$2 -> 1.2247273 | ... AI8: =$B8-AI$2 -> 1.1471371
A9: 2000-2020 | B9: 3.1542437 | D9: 吉林 | E9: =$B9-E$2 -> -4.9213518 | F9: =$B9-F$2 -> -3.8509649 | G9: =$B9-G$2 -> 0.3089372 | H9: =$B9-H$2 -> 0.61032221 | I9: =$B9-I$2 -> -1.1189088 | J9: =$B9-J$2 -> -0.75295197 | K9: =$B9-K$2 -> 0 | L9: =$B9-L$2 -> 0.47177528 | ... AI9: =$B9-AI$2 -> 0.3941851
A10: 2000-2020 | B10: 2.6824684 | D10: 黑龙江 | E10: =$B10-E$2 -> -5.393127 | F10: =$B10-F$2 -> -4.3227402 | G10: =$B10-G$2 -> -0.16283808 | H10: =$B10-H$2 -> 0.13854693 | I10: =$B10-I$2 -> -1.5906841 | J10: =$B10-J$2 -> -1.2247273 | K10: =$B10-K$2 -> -0.47177528 | L10: =$B10-L$2 -> 0 | ... AI10: =$B10-AI$2 -> -0.077590183
A11: 2000-2020 | B11: 8.4268583 | D11: 上海 | E11: =$B11-E$2 -> 0.35126279 | F11: =$B11-F$2 -> 1.4216497 | G11: =$B11-G$2 -> 5.5815518 | H11: =$B11-H$2 -> 5.8829368 | I11: =$B11-I$2 -> 4.1537058 | J11: =$B11-J$2 -> 4.5196626 | K11: =$B11-K$2 -> 5.2726146 | L11: =$B11-L$2 -> 5.7443898 | ... AI11: =$B11-AI$2 -> 5.6667997
A12: 2000-2020 | B12: 5.9095777 | D12: 江苏 | E12: =$B12-E$2 -> -2.1660177 | F12: =$B12-F$2 -> -1.0956308 | G12: =$B12-G$2 -> 3.0642712 | H12: =$B12-H$2 -> 3.3656562 | I12: =$B12-I$2 -> 1.6364252 | J12: =$B12-J$2 -> 2.0023821 | K12: =$B12-K$2 -> 2.755334 | L12: =$B12-L$2 -> 3.2271093 | ... AI12: =$B12-AI$2 -> 3.1495191
A13: 2000-2020 | B13: 5.4787163 | D13: 浙江 | E13: =$B13-E$2 -> -2.5968792 | F13: =$B13-F$2 -> -1.5264923 | G13: =$B13-G$2 -> 2.6334098 | H13: =$B13-H$2 -> 2.9347948 | I13: =$B13-I$2 -> 1.2055638 | J13: =$B13-J$2 -> 1.5715206 | K13: =$B13-K$2 -> 2.3244726 | L13: =$B13-L$2 -> 2.7962479 | ... AI13: =$B13-AI$2 -> 2.7186577
A14: 2000-2020 | B14: 2.4864434 | D14: 安徽 | E14: =$B14-E$2 -> -5.589152 | F14: =$B14-F$2 -> -4.5187651 | G14: =$B14-G$2 -> -0.35886307 | H14: =$B14-H$2 -> -0.057478062 | I14: =$B14-I$2 -> -1.7867091 | J14: =$B14-J$2 -> -1.4207522 | K14: =$B14-K$2 -> -0.66780027 | L14: =$B14-L$2 -> -0.19602499 | ... AI14: =$B14-AI$2 -> -0.27361517
... A33: 2000-2020 | B33: 2.7600586 | D33: 新疆 | E33: =$B33-E$2 -> -5.3155369 | F33: =$B33-F$2 -> -4.24515 | G33: =$B33-G$2 -> -0.0852479 | H33: =$B33-H$2 -> 0.21613711 | I33: =$B33-I$2 -> -1.5130939 | J33: =$B33-J$2 -> -1.1471371 | K33: =$B33-K$2 -> -0.3941851 | L33: =$B33-L$2 -> 0.077590183 | ... AI33: =$B33-AI$2 -> 0
B35: 1/绝对值 | E35: 北京 | F35: 天津 | G35: 河北 | H35: 山西 | I35: 内蒙古 | J35: 辽宁 | K35: 吉林 | L35: 黑龙江 | M35: 上海 | N35: 江苏 | O35: 浙江 | P35: 安徽 | Q35: 福建 | R35: 江西 | S35: 山东 | T35: 河南 | U35: 湖北 | V35: 湖南 | W35: 广东 | X35: 广西 | Y35: 海南 | Z35: 重庆 | AA35: 四川 | AB35: 贵州 | AC35: 云南 | AD35: 西藏 | AE35: 陕西 | AF35: 甘肃 | AG35: 青海 | AH35: 宁夏 | AI35: 新疆
B36: 对称 | D36: 北京 | E36: 0 | F36: =1/ABS(F3) -> 0.93424164 | G36: =1/ABS(G3) -> 0.19119403 | H36: =1/ABS(H3) -> 0.1807771 | I36: =1/ABS(I3) -> 0.26298882 | J36: =1/ABS(J3) -> 0.23990021 | K36: =1/ABS(K3) -> 0.2031962 | L36: =1/ABS(L3) -> 0.18542118 | M36: =1/ABS(M3) -> 2.8468714 | ... AI36: =1/ABS(AI3) -> 0.18812775 | AJ36: =SUM(E36:AI36) -> 9.8571941 | AK36: 9.8571941 | AL36: 9.8571941 | AM36: 9.8571941 | AN36: 9.8571941 | AO36: 9.8571941 | AP36: 9.8571941 | AQ36: 9.8571941 | AR36: 9.8571941 | AS36: 9.8571941 | AT36: 9.8571941 | AU36: 9.8571941 | AV36: 9.8571941 | AW36: 9.8571941 | AX36: 9.8571941 | AY36: 9.8571941 | AZ36: 9.8571941 | BA36: 9.8571941 | BB36: 9.8571941 | BC36: 9.8571941 | BD36: 9.8571941 | BE36: 9.8571941 | BF36: 9.8571941 | BG36: 9.8571941 | BH36: 9.8571941 | BI36: 9.8571941 | BJ36: 9.8571941 | BK36: 9.8571941 | BL36: 9.8571941 | BM36: 9.8571941 | BN36: 9.8571941
D37: 天津 | E37: =1/ABS(E4) -> 0.93424164 | F37: 0 | G37: =1/ABS(G4) -> 0.24039027 | H37: =1/ABS(H4) -> 0.22415056 | I37: =1/ABS(I4) -> 0.3660247 | J37: =1/ABS(J4) -> 0.32278755 | K37: =1/ABS(K4) -> 0.25967518 | L37: =1/ABS(L4) -> 0.23133475 | M37: =1/ABS(M4) -> 0.70340817 | N37: =1/ABS(N4) -> 0.91271618 | ... AI37: =1/ABS(AI4) -> 0.23556294 | AJ37: =SUM(E37:AI37) -> 9.9640449 | AK37: 9.9640449 | AL37: 9.9640449 | AM37: 9.9640449 | AN37: 9.9640449 | AO37: 9.9640449 | AP37: 9.9640449 | AQ37: 9.9640449 | AR37: 9.9640449 | AS37: 9.9640449 | AT37: 9.9640449 | AU37: 9.9640449 | AV37: 9.9640449 | AW37: 9.9640449 | AX37: 9.9640449 | AY37: 9.9640449 | AZ37: 9.9640449 | BA37: 9.9640449 | BB37: 9.9640449 | BC37: 9.9640449 | BD37: 9.9640449 | BE37: 9.9640449 | BF37: 9.9640449 | BG37: 9.9640449 | BH37: 9.9640449 | BI37: 9.9640449 | BJ37: 9.9640449 | BK37: 9.9640449 | BL37: 9.9640449 | BM37: 9.9640449 | BN37: 9.9640449
D38: 河北 | E38: =1/ABS(E5) -> 0.19119403 | F38: =1/ABS(F5) -> 0.24039027 | G38: 0 | H38: =1/ABS(H5) -> 3.3180151 | I38: =1/ABS(I5) -> 0.70035564 | J38: =1/ABS(J5) -> 0.94171786 | K38: =1/ABS(K5) -> 3.2369038 | L38: =1/ABS(L5) -> 6.1410696 | M38: =1/ABS(M5) -> 0.17916165 | N38: =1/ABS(N5) -> 0.32634187 | O38: =1/ABS(O5) -> 0.37973581 | ... AI38: =1/ABS(AI5) -> 11.730494 | AJ38: =SUM(E38:AI38) -> 115.5812 | AK38: 115.5812 | AL38: 115.5812 | AM38: 115.5812 | AN38: 115.5812 | AO38: 115.5812 | AP38: 115.5812 | AQ38: 115.5812 | AR38: 115.5812 | AS38: 115.5812 | AT38: 115.5812 | AU38: 115.5812 | AV38: 115.5812 | AW38: 115.5812 | AX38: 115.5812 | AY38: 115.5812 | AZ38: 115.5812 | BA38: 115.5812 | BB38: 115.5812 | BC38: 115.5812 | BD38: 115.5812 | BE38: 115.5812 | BF38: 115.5812 | BG38: 115.5812 | BH38: 115.5812 | BI38: 115.5812 | BJ38: 115.5812 | BK38: 115.5812 | BL38: 115.5812 | BM38: 115.5812 | BN38: 115.5812
D39: 山西 | E39: =1/ABS(E6) -> 0.1807771 | F39: =1/ABS(F6) -> 0.22415056 | G39: =1/ABS(G6) -> 3.3180151 | H39: 0 | I39: =1/ABS(I6) -> 0.57829174 | J39: =1/ABS(J6) -> 0.73352816 | K39: =1/ABS(K6) -> 1.6384788 | L39: =1/ABS(L6) -> 7.217771 | M39: =1/ABS(M6) -> 0.16998313 | N39: =1/ABS(N6) -> 0.29711888 | O39: =1/ABS(O6) -> 0.34073932 | P39: =1/ABS(P6) -> 17.397942 | ... AI39: =1/ABS(AI6) -> 4.6266927 | AJ39: =SUM(E39:AI39) -> 125.73026 | AK39: 125.73026 | AL39: 125.73026 | AM39: 125.73026 | AN39: 125.73026 | AO39: 125.73026 | AP39: 125.73026 | AQ39: 125.73026 | AR39: 125.73026 | AS39: 125.73026 | AT39: 125.73026 | AU39: 125.73026 | AV39: 125.73026 | AW39: 125.73026 | AX39: 125.73026 | AY39: 125.73026 | AZ39: 125.73026 | BA39: 125.73026 | BB39: 125.73026 | BC39: 125.73026 | BD39: 125.73026 | BE39: 125.73026 | BF39: 125.73026 | BG39: 125.73026 | BH39: 125.73026 | BI39: 125.73026 | BJ39: 125.73026 | BK39: 125.73026 | BL39: 125.73026 | BM39: 125.73026 | BN39: 125.73026
D40: 内蒙古 | E40: =1/ABS(E7) -> 0.26298882 | F40: =1/ABS(F7) -> 0.3660247 | G40: =1/ABS(G7) -> 0.70035564 | H40: =1/ABS(H7) -> 0.57829174 | I40: 0 | J40: =1/ABS(J7) -> 2.7325628 | K40: =1/ABS(K7) -> 0.89372789 | L40: =1/ABS(L7) -> 0.62866034 | M40: =1/ABS(M7) -> 0.24074888 | N40: =1/ABS(N7) -> 0.61108811 | O40: =1/ABS(O7) -> 0.82948741 | P40: =1/ABS(P7) -> 0.55968821 | Q40: =1/ABS(Q7) -> 2.2443305 | ... AI40: =1/ABS(AI7) -> 0.66089752 | AJ40: =SUM(E40:AI40) -> 40.738286 | AK40: 40.738286 | AL40: 40.738286 | AM40: 40.738286 | AN40: 40.738286 | AO40: 40.738286 | AP40: 40.738286 | AQ40: 40.738286 | AR40: 40.738286 | AS40: 40.738286 | AT40: 40.738286 | AU40: 40.738286 | AV40: 40.738286 | AW40: 40.738286 | AX40: 40.738286 | AY40: 40.738286 | AZ40: 40.738286 | BA40: 40.738286 | BB40: 40.738286 | BC40: 40.738286 | BD40: 40.738286 | BE40: 40.738286 | BF40: 40.738286 | BG40: 40.738286 | BH40: 40.738286 | BI40: 40.738286 | BJ40: 40.738286 | BK40: 40.738286 | BL40: 40.738286 | BM40: 40.738286 | BN40: 40.738286
D41: 辽宁 | E41: =1/ABS(E8) -> 0.23990021 | F41: =1/ABS(F8) -> 0.32278755 | G41: =1/ABS(G8) -> 0.94171786 | H41: =1/ABS(H8) -> 0.73352816 | I41: =1/ABS(I8) -> 2.7325628 | J41: 0 | K41: =1/ABS(K8) -> 1.328106 | L41: =1/ABS(L8) -> 0.81650833 | M41: =1/ABS(M8) -> 0.22125545 | N41: =1/ABS(N8) -> 0.4994052 | O41: =1/ABS(O8) -> 0.63632636 | P41: =1/ABS(P8) -> 0.70385249 | Q41: =1/ABS(Q8) -> 1.2322494 | R41: =1/ABS(R8) -> 0.69094526 | ... AI41: =1/ABS(AI8) -> 0.87173541 | AJ41: =SUM(E41:AI41) -> 28.622628 | AK41: 28.622628 | AL41: 28.622628 | AM41: 28.622628 | AN41: 28.622628 | AO41: 28.622628 | AP41: 28.622628 | AQ41: 28.622628 | AR41: 28.622628 | AS41: 28.622628 | AT41: 28.622628 | AU41: 28.622628 | AV41: 28.622628 | AW41: 28.622628 | AX41: 28.622628 | AY41: 28.622628 | AZ41: 28.622628 | BA41: 28.622628 | BB41: 28.622628 | BC41: 28.622628 | BD41: 28.622628 | BE41: 28.622628 | BF41: 28.622628 | BG41: 28.622628 | BH41: 28.622628 | BI41: 28.622628 | BJ41: 28.622628 | BK41: 28.622628 | BL41: 28.622628 | BM41: 28.622628 | BN41: 28.622628
D42: 吉林 | E42: =1/ABS(E9) -> 0.2031962 | F42: =1/ABS(F9) -> 0.25967518 | G42: =1/ABS(G9) -> 3.2369038 | H42: =1/ABS(H9) -> 1.6384788 | I42: =1/ABS(I9) -> 0.89372789 | J42: =1/ABS(J9) -> 1.328106 | K42: 0 | L42: =1/ABS(L9) -> 2.1196532 | M42: =1/ABS(M9) -> 0.18965923 | N42: =1/ABS(N9) -> 0.3629324 | O42: =1/ABS(O9) -> 0.43020511 | P42: =1/ABS(P9) -> 1.4974537 | Q42: =1/ABS(Q9) -> 0.63919166 | R42: =1/ABS(R9) -> 1.4402152 | S42: =1/ABS(S9) -> 0.94049269 | ... AI42: =1/ABS(AI9) -> 2.5368793 | AJ42: =SUM(E42:AI42) -> 61.204463 | AK42: 61.204463 | AL42: 61.204463 | AM42: 61.204463 | AN42: 61.204463 | AO42: 61.204463 | AP42: 61.204463 | AQ42: 61.204463 | AR42: 61.204463 | AS42: 61.204463 | AT42: 61.204463 | AU42: 61.204463 | AV42: 61.204463 | AW42: 61.204463 | AX42: 61.204463 | AY42: 61.204463 | AZ42: 61.204463 | BA42: 61.204463 | BB42: 61.204463 | BC42: 61.204463 | BD42: 61.204463 | BE42: 61.204463 | BF42: 61.204463 | BG42: 61.204463 | BH42: 61.204463 | BI42: 61.204463 | BJ42: 61.204463 | BK42: 61.204463 | BL42: 61.204463 | BM42: 61.204463 | BN42: 61.204463
D43: 黑龙江 | E43: =1/ABS(E10) -> 0.18542118 | F43: =1/ABS(F10) -> 0.23133475 | G43: =1/ABS(G10) -> 6.1410696 | H43: =1/ABS(H10) -> 7.217771 | I43: =1/ABS(I10) -> 0.62866034 | J43: =1/ABS(J10) -> 0.81650833 | K43: =1/ABS(K10) -> 2.1196532 | L43: 0 | M43: =1/ABS(M10) -> 0.17408289 | N43: =1/ABS(N10) -> 0.30987485 | O43: =1/ABS(O10) -> 0.35762208 | P43: =1/ABS(P10) -> 5.1013904 | Q43: =1/ABS(Q10) -> 0.49109853 | R43: =1/ABS(R10) -> 4.4930612 | S43: =1/ABS(S10) -> 0.65144553 | T43: =1/ABS(T10) -> 152.46358 | ... AI43: =1/ABS(AI10) -> 12.888228 | AJ43: =SUM(E43:AI43) -> 269.84798 | AK43: 269.84798 | AL43: 269.84798 | AM43: 269.84798 | AN43: 269.84798 | AO43: 269.84798 | AP43: 269.84798 | AQ43: 269.84798 | AR43: 269.84798 | AS43: 269.84798 | AT43: 269.84798 | AU43: 269.84798 | AV43: 269.84798 | AW43: 269.84798 | AX43: 269.84798 | AY43: 269.84798 | AZ43: 269.84798 | BA43: 269.84798 | BB43: 269.84798 | BC43: 269.84798 | BD43: 269.84798 | BE43: 269.84798 | BF43: 269.84798 | BG43: 269.84798 | BH43: 269.84798 | BI43: 269.84798 | BJ43: 269.84798 | BK43: 269.84798 | BL43: 269.84798 | BM43: 269.84798 | BN43: 269.84798
D44: 上海 | E44: =1/ABS(E11) -> 2.8468714 | F44: =1/ABS(F11) -> 0.70340817 | G44: =1/ABS(G11) -> 0.17916165 | H44: =1/ABS(H11) -> 0.16998313 | I44: =1/ABS(I11) -> 0.24074888 | J44: =1/ABS(J11) -> 0.22125545 | K44: =1/ABS(K11) -> 0.18965923 | L44: =1/ABS(L11) -> 0.17408289 | M44: 0 | N44: =1/ABS(N11) -> 0.3972541 | O44: =1/ABS(O11) -> 0.33919669 | P44: =1/ABS(P11) -> 0.16833841 | Q44: =1/ABS(Q11) -> 0.26967708 | R44: =1/ABS(R11) -> 0.16758966 | S44: =1/ABS(S11) -> 0.23756682 | T44: =1/ABS(T11) -> 0.17388435 | U44: =1/ABS(U11) -> 0.1966783 | ... AI44: =1/ABS(AI11) -> 0.17646645 | AJ44: =SUM(E44:AI44) -> 9.1599654 | AK44: 9.1599654 | AL44: 9.1599654 | AM44: 9.1599654 | AN44: 9.1599654 | AO44: 9.1599654 | AP44: 9.1599654 | AQ44: 9.1599654 | AR44: 9.1599654 | AS44: 9.1599654 | AT44: 9.1599654 | AU44: 9.1599654 | AV44: 9.1599654 | AW44: 9.1599654 | AX44: 9.1599654 | AY44: 9.1599654 | AZ44: 9.1599654 | BA44: 9.1599654 | BB44: 9.1599654 | BC44: 9.1599654 | BD44: 9.1599654 | BE44: 9.1599654 | BF44: 9.1599654 | BG44: 9.1599654 | BH44: 9.1599654 | BI44: 9.1599654 | BJ44: 9.1599654 | BK44: 9.1599654 | BL44: 9.1599654 | BM44: 9.1599654 | BN44: 9.1599654
D45: 江苏 | E45: =1/ABS(E12) -> 0.46167674 | F45: =1/ABS(F12) -> 0.91271618 | G45: =1/ABS(G12) -> 0.32634187 | H45: =1/ABS(H12) -> 0.29711888 | I45: =1/ABS(I12) -> 0.61108811 | J45: =1/ABS(J12) -> 0.4994052 | K45: =1/ABS(K12) -> 0.3629324 | L45: =1/ABS(L12) -> 0.30987485 | M45: =1/ABS(M12) -> 0.3972541 | N45: 0 | O45: =1/ABS(O12) -> 2.3209319 | P45: =1/ABS(P12) -> 0.29212994 | Q45: =1/ABS(Q12) -> 0.83973065 | R45: =1/ABS(R12) -> 0.2898824 | S45: =1/ABS(S12) -> 0.59099505 | T45: =1/ABS(T12) -> 0.30924632 | U45: =1/ABS(U12) -> 0.38953484 | V45: =1/ABS(V12) -> 0.32115504 | ... AI45: =1/ABS(AI12) -> 0.31750879 | AJ45: =SUM(E45:AI45) -> 13.998978 | AK45: 13.998978 | AL45: 13.998978 | AM45: 13.998978 | AN45: 13.998978 | AO45: 13.998978 | AP45: 13.998978 | AQ45: 13.998978 | AR45: 13.998978 | AS45: 13.998978 | AT45: 13.998978 | AU45: 13.998978 | AV45: 13.998978 | AW45: 13.998978 | AX45: 13.998978 | AY45: 13.998978 | AZ45: 13.998978 | BA45: 13.998978 | BB45: 13.998978 | BC45: 13.998978 | BD45: 13.998978 | BE45: 13.998978 | BF45: 13.998978 | BG45: 13.998978 | BH45: 13.998978 | BI45: 13.998978 | BJ45: 13.998978 | BK45: 13.998978 | BL45: 13.998978 | BM45: 13.998978 | BN45: 13.998978
D46: 浙江 | E46: =1/ABS(E13) -> 0.3850776 | F46: =1/ABS(F13) -> 0.65509667 | G46: =1/ABS(G13) -> 0.37973581 | H46: =1/ABS(H13) -> 0.34073932 | I46: =1/ABS(I13) -> 0.82948741 | J46: =1/ABS(J13) -> 0.63632636 | K46: =1/ABS(K13) -> 0.43020511 | L46: =1/ABS(L13) -> 0.35762208 | ... N46: =1/ABS(N13) -> 2.3209319 | O46: 0 | P46: =1/ABS(P13) -> 0.33419412 | Q46: =1/ABS(Q13) -> 1.3157953 | R46: =1/ABS(R13) -> 0.33125599 | S46: =1/ABS(S13) -> 0.79289558 | T46: =1/ABS(T13) -> 0.3567852 | U46: =1/ABS(U13) -> 0.46809838 | V46: =1/ABS(V13) -> 0.37273107 | W46: =1/ABS(W13) -> 1.4572474 | ... AI46: =1/ABS(AI13) -> 0.36782858 | AJ46: =SUM(E46:AI46) -> 16.214991 | AK46: 16.214991 | AL46: 16.214991 | AM46: 16.214991 | AN46: 16.214991 | AO46: 16.214991 | AP46: 16.214991 | AQ46: 16.214991 | AR46: 16.214991 | AS46: 16.214991 | AT46: 16.214991 | AU46: 16.214991 | AV46: 16.214991 | AW46: 16.214991 | AX46: 16.214991 | AY46: 16.214991 | AZ46: 16.214991 | BA46: 16.214991 | BB46: 16.214991 | BC46: 16.214991 | BD46: 16.214991 | BE46: 16.214991 | BF46: 16.214991 | BG46: 16.214991 | BH46: 16.214991 | BI46: 16.214991 | BJ46: 16.214991 | BK46: 16.214991 | BL46: 16.214991 | BM46: 16.214991 | BN46: 16.214991
D47: 安徽 | E47: =1/ABS(E14) -> 0.17891802 | F47: =1/ABS(F14) -> 0.2212994 | G47: =1/ABS(G14) -> 2.7865782 | H47: =1/ABS(H14) -> 17.397942 | I47: =1/ABS(I14) -> 0.55968821 | J47: =1/ABS(J14) -> 0.70385249 | K47: =1/ABS(K14) -> 1.4974537 | L47: =1/ABS(L14) -> 5.1013904 | ... O47: =1/ABS(O14) -> 0.33419412 | P47: 0 | Q47: =1/ABS(Q14) -> 0.44797323 | R47: =1/ABS(R14) -> 37.678382 | S47: =1/ABS(S14) -> 0.57767647 | T47: =1/ABS(T14) -> 5.2779905 | U47: =1/ABS(U14) -> 1.1682655 | V47: =1/ABS(V14) -> 3.2323401 | W47: =1/ABS(W14) -> 0.4336424 | X47: =1/ABS(X14) -> 3.8290668 | ... AI47: =1/ABS(AI14) -> 3.6547681 | AJ47: =SUM(E47:AI47) -> 205.3891 | AK47: 205.3891 | AL47: 205.3891 | AM47: 205.3891 | AN47: 205.3891 | AO47: 205.3891 | AP47: 205.3891 | AQ47: 205.3891 | AR47: 205.3891 | AS47: 205.3891 | AT47: 205.3891 | AU47: 205.3891 | AV47: 205.3891 | AW47: 205.3891 | AX47: 205.3891 | AY47: 205.3891 | AZ47: 205.3891 | BA47: 205.3891 | BB47: 205.3891 | BC47: 205.3891 | BD47: 205.3891 | BE47: 205.3891 | BF47: 205.3891 | BG47: 205.3891 | BH47: 205.3891 | BI47: 205.3891 | BJ47: 205.3891 | BK47: 205.3891 | BL47: 205.3891 | BM47: 205.3891 | BN47: 205.3891
D48: 福建 | E48: =1/ABS(E15) -> 0.29789604 | F48: =1/ABS(F15) -> 0.43735178 | G48: =1/ABS(G15) -> 0.53378508 | H48: =1/ABS(H15) -> 0.45981278 | I48: =1/ABS(I15) -> 2.2443305 | J48: =1/ABS(J15) -> 1.2322494 | K48: =1/ABS(K15) -> 0.63919166 | L48: =1/ABS(L15) -> 0.49109853 | ... P48: =1/ABS(P15) -> 0.44797323 | Q48: 0 | R48: =1/ABS(R15) -> 0.44270968 | S48: =1/ABS(S15) -> 1.9951976 | T48: =1/ABS(T15) -> 0.48952174 | U48: =1/ABS(U15) -> 0.72658237 | V48: =1/ABS(V15) -> 0.52004707 | W48: =1/ABS(W15) -> 13.555399 | X48: =1/ABS(X15) -> 0.40105293 | Y48: =1/ABS(Y15) -> 0.50006736 | ... AI48: =1/ABS(AI15) -> 0.51055285 | AJ48: =SUM(E48:AI48) -> 32.573439 | AK48: 32.573439 | AL48: 32.573439 | AM48: 32.573439 | AN48: 32.573439 | AO48: 32.573439 | AP48: 32.573439 | AQ48: 32.573439 | AR48: 32.573439 | AS48: 32.573439 | AT48: 32.573439 | AU48: 32.573439 | AV48: 32.573439 | AW48: 32.573439 | AX48: 32.573439 | AY48: 32.573439 | AZ48: 32.573439 | BA48: 32.573439 | BB48: 32.573439 | BC48: 32.573439 | BD48: 32.573439 | BE48: 32.573439 | BF48: 32.573439 | BG48: 32.573439 | BH48: 32.573439 | BI48: 32.573439 | BJ48: 32.573439 | BK48: 32.573439 | BL48: 32.573439 | BM48: 32.573439 | BN48: 32.573439
D49: 江西 | E49: =1/ABS(E16) -> 0.17807243 | F49: =1/ABS(F16) -> 0.22000721 | G49: =1/ABS(G16) -> 2.5946833 | H49: =1/ABS(H16) -> 11.902143 | I49: =1/ABS(I16) -> 0.55149609 | J49: =1/ABS(J16) -> 0.69094526 | K49: =1/ABS(K16) -> 1.4402152 | L49: =1/ABS(L16) -> 4.4930612 | ... Q49: =1/ABS(Q16) -> 0.44270968 | R49: 0 | S49: =1/ABS(S16) -> 0.56895341 | T49: =1/ABS(T16) -> 4.6294911 | U49: =1/ABS(U16) -> 1.1331314 | V49: =1/ABS(V16) -> 2.9769542 | W49: =1/ABS(W16) -> 0.42870837 | X49: =1/ABS(X16) -> 4.2622144 | Y49: =1/ABS(Y16) -> 3.8597212 | Z49: =1/ABS(Z16) -> 1.1493072 | ... AI49: =1/ABS(AI16) -> 3.3316055 | AJ49: =SUM(E49:AI49) -> 130.62176 | AK49: 130.62176 | AL49: 130.62176 | AM49: 130.62176 | AN49: 130.62176 | AO49: 130.62176 | AP49: 130.62176 | AQ49: 130.62176 | AR49: 130.62176 | AS49: 130.62176 | AT49: 130.62176 | AU49: 130.62176 | AV49: 130.62176 | AW49: 130.62176 | AX49: 130.62176 | AY49: 130.62176 | AZ49: 130.62176 | BA49: 130.62176 | BB49: 130.62176 | BC49: 130.62176 | BD49: 130.62176 | BE49: 130.62176 | BF49: 130.62176 | BG49: 130.62176 | BH49: 130.62176 | BI49: 130.62176 | BJ49: 130.62176 | BK49: 130.62176 | BL49: 130.62176 | BM49: 130.62176 | BN49: 130.62176
D50: 山东 | E50: =1/ABS(E17) -> 0.25919633 | F50: =1/ABS(F17) -> 0.35871964 | G50: =1/ABS(G17) -> 0.7287516 | H50: =1/ABS(H17) -> 0.59751624 | I50: =1/ABS(I17) -> 17.973871 | J50: =1/ABS(J17) -> 3.2224747 | K50: =1/ABS(K17) -> 0.94049269 | L50: =1/ABS(L17) -> 0.65144553 | ... R50: =1/ABS(R17) -> 0.56895341 | S50: 0 | T50: =1/ABS(T17) -> 0.64867388 | U50: =1/ABS(U17) -> 1.1427227 | V50: =1/ABS(V17) -> 0.70338359 | W50: =1/ABS(W17) -> 1.7392066 | X50: =1/ABS(X17) -> 0.50194932 | Y50: =1/ABS(Y17) -> 0.66732193 | Z50: =1/ABS(Z17) -> 1.1267303 | AA50: =1/ABS(AA17) -> 0.5813123 | ... AI50: =1/ABS(AI17) -> 0.68612632 | AJ50: =SUM(E50:AI50) -> 41.270566 | AK50: 41.270566 | AL50: 41.270566 | AM50: 41.270566 | AN50: 41.270566 | AO50: 41.270566 | AP50: 41.270566 | AQ50: 41.270566 | AR50: 41.270566 | AS50: 41.270566 | AT50: 41.270566 | AU50: 41.270566 | AV50: 41.270566 | AW50: 41.270566 | AX50: 41.270566 | AY50: 41.270566 | AZ50: 41.270566 | BA50: 41.270566 | BB50: 41.270566 | BC50: 41.270566 | BD50: 41.270566 | BE50: 41.270566 | BF50: 41.270566 | BG50: 41.270566 | BH50: 41.270566 | BI50: 41.270566 | BJ50: 41.270566 | BK50: 41.270566 | BL50: 41.270566 | BM50: 41.270566 | BN50: 41.270566
D51: 河南 | E51: =1/ABS(E18) -> 0.18519595 | F51: =1/ABS(F18) -> 0.23098427 | G51: =1/ABS(G18) -> 5.9032914 | H51: =1/ABS(H18) -> 7.5764472 | I51: =1/ABS(I18) -> 0.6260788 | J51: =1/ABS(J18) -> 0.81215886 | K51: =1/ABS(K18) -> 2.0905884 | L51: =1/ABS(L18) -> 152.46358 | ... S51: =1/ABS(S18) -> 0.64867388 | T51: 0 | U51: =1/ABS(U18) -> 1.5003666 | V51: =1/ABS(V18) -> 8.3397732 | W51: =1/ABS(W18) -> 0.47245995 | X51: =1/ABS(X18) -> 2.2191337 | Y51: =1/ABS(Y18) -> 23.212838 | Z51: =1/ABS(Z18) -> 1.5288582 | AA51: =1/ABS(AA18) -> 5.5978809 | AB51: =1/ABS(AB18) -> 1.202036 | ... AI51: =1/ABS(AI18) -> 11.883665 | AJ51: =SUM(E51:AI51) -> 265.40596 | AK51: 265.40596 | AL51: 265.40596 | AM51: 265.40596 | AN51: 265.40596 | AO51: 265.40596 | AP51: 265.40596 | AQ51: 265.40596 | AR51: 265.40596 | AS51: 265.40596 | AT51: 265.40596 | AU51: 265.40596 | AV51: 265.40596 | AW51: 265.40596 | AX51: 265.40596 | AY51: 265.40596 | AZ51: 265.40596 | BA51: 265.40596 | BB51: 265.40596 | BC51: 265.40596 | BD51: 265.40596 | BE51: 265.40596 | BF51: 265.40596 | BG51: 265.40596 | BH51: 265.40596 | BI51: 265.40596 | BJ51: 265.40596 | BK51: 265.40596 | BL51: 265.40596 | BM51: 265.40596 | BN51: 265.40596
D52: 湖北 | E52: =1/ABS(E19) -> 0.21127435 | F52: =1/ABS(F19) -> 0.27301553 | G52: =1/ABS(G19) -> 2.0116404 | H52: =1/ABS(H19) -> 1.2523611 | I52: =1/ABS(I19) -> 1.0744148 | J52: =1/ABS(J19) -> 1.7705933 | K52: =1/ABS(K19) -> 5.3143567 | L52: =1/ABS(L19) -> 1.5152782 | ... T52: =1/ABS(T19) -> 1.5003666 | U52: 0 | V52: =1/ABS(V19) -> 1.8295034 | W52: =1/ABS(W19) -> 0.68961818 | X52: =1/ABS(X19) -> 0.89515093 | Y52: =1/ABS(Y19) -> 1.6040444 | Z52: =1/ABS(Z19) -> 80.509711 | AA52: =1/ABS(AA19) -> 1.183232 | AB52: =1/ABS(AB19) -> 0.66736715 | AC52: =1/ABS(AC19) -> 0.74896746 | ... AI52: =1/ABS(AI19) -> 1.7171667 | AJ52: =SUM(E52:AI52) -> 118.5467 | AK52: 118.5467 | AL52: 118.5467 | AM52: 118.5467 | AN52: 118.5467 | AO52: 118.5467 | AP52: 118.5467 | AQ52: 118.5467 | AR52: 118.5467 | AS52: 118.5467 | AT52: 118.5467 | AU52: 118.5467 | AV52: 118.5467 | AW52: 118.5467 | AX52: 118.5467 | AY52: 118.5467 | AZ52: 118.5467 | BA52: 118.5467 | BB52: 118.5467 | BC52: 118.5467 | BD52: 118.5467 | BE52: 118.5467 | BF52: 118.5467 | BG52: 118.5467 | BH52: 118.5467 | BI52: 118.5467 | BJ52: 118.5467 | BK52: 118.5467 | BL52: 118.5467 | BM52: 118.5467 | BN52: 118.5467
D53: 湖南 | E53: =1/ABS(E20) -> 0.18940188 | F53: =1/ABS(F20) -> 0.23756401 | G53: =1/ABS(G20) -> 20.20623 | H53: =1/ABS(H20) -> 3.969903 | I53: =1/ABS(I20) -> 0.67689423 | J53: =1/ABS(J20) -> 0.89978318 | K53: =1/ABS(K20) -> 2.7899693 | L53: =1/ABS(L20) -> 8.822357 | ... U53: =1/ABS(U20) -> 1.8295034 | V53: 0 | W53: =1/ABS(W20) -> 0.50083283 | X53: =1/ABS(X20) -> 1.7527451 | Y53: =1/ABS(Y20) -> 13.016134 | Z53: =1/ABS(Z20) -> 1.8720437 | AA53: =1/ABS(AA20) -> 3.3495635 | AB53: =1/ABS(AB20) -> 1.0506087 | AC53: =1/ABS(AC20) -> 1.2681101 | AD53: =1/ABS(AD20) -> 1.6317162 | ... AI53: =1/ABS(AI20) -> 27.965604 | AJ53: =SUM(E53:AI53) -> 214.35109 | AK53: 214.35109 | AL53: 214.35109 | AM53: 214.35109 | AN53: 214.35109 | AO53: 214.35109 | AP53: 214.35109 | AQ53: 214.35109 | AR53: 214.35109 | AS53: 214.35109 | AT53: 214.35109 | AU53: 214.35109 | AV53: 214.35109 | AW53: 214.35109 | AX53: 214.35109 | AY53: 214.35109 | AZ53: 214.35109 | BA53: 214.35109 | BB53: 214.35109 | BC53: 214.35109 | BD53: 214.35109 | BE53: 214.35109 | BF53: 214.35109 | BG53: 214.35109 | BH53: 214.35109 | BI53: 214.35109 | BJ53: 214.35109 | BK53: 214.35109 | BL53: 214.35109 | BM53: 214.35109 | BN53: 214.35109
D54: 广东 | E54: =1/ABS(E21) -> 0.30458976 | F54: =1/ABS(F21) -> 0.45193296 | G54: =1/ABS(G21) -> 0.51356201 | H54: =1/ABS(H21) -> 0.44472719 | I54: =1/ABS(I21) -> 1.9255263 | J54: =1/ABS(J21) -> 1.1295665 | K54: =1/ABS(K21) -> 0.61040845 | L54: =1/ABS(L21) -> 0.47392857 | ... V54: =1/ABS(V21) -> 0.50083283 | W54: 0 | X54: =1/ABS(X21) -> 0.38952826 | Y54: =1/ABS(Y21) -> 0.48227589 | Z54: =1/ABS(Z21) -> 0.68376131 | AA54: =1/ABS(AA21) -> 0.43568797 | AB54: =1/ABS(AB21) -> 0.33915512 | AC54: =1/ABS(AC21) -> 0.35903429 | AD54: =1/ABS(AD21) -> 0.38321137 | AE54: =1/ABS(AE21) -> 0.5849916 | ... AI54: =1/ABS(AI21) -> 0.49202128 | AJ54: =SUM(E54:AI54) -> 31.738721 | AK54: 31.738721 | AL54: 31.738721 | AM54: 31.738721 | AN54: 31.738721 | AO54: 31.738721 | AP54: 31.738721 | AQ54: 31.738721 | AR54: 31.738721 | AS54: 31.738721 | AT54: 31.738721 | AU54: 31.738721 | AV54: 31.738721 | AW54: 31.738721 | AX54: 31.738721 | AY54: 31.738721 | AZ54: 31.738721 | BA54: 31.738721 | BB54: 31.738721 | BC54: 31.738721 | BD54: 31.738721 | BE54: 31.738721 | BF54: 31.738721 | BG54: 31.738721 | BH54: 31.738721 | BI54: 31.738721 | BJ54: 31.738721 | BK54: 31.738721 | BL54: 31.738721 | BM54: 31.738721 | BN54: 31.738721
D55: 广西 | E55: =1/ABS(E22) -> 0.17093105 | F55: =1/ABS(F22) -> 0.20920829 | G55: =1/ABS(G22) -> 1.6128426 | H55: =1/ABS(H22) -> 3.1383546 | I55: =1/ABS(I22) -> 0.48831241 | J55: =1/ABS(J22) -> 0.59456126 | K55: =1/ABS(K22) -> 1.076472 | L55: =1/ABS(L22) -> 2.1872973 | ... W55: =1/ABS(W22) -> 0.38952826 | X55: 0 | Y55: =1/ABS(Y22) -> 2.0254974 | Z55: =1/ABS(Z22) -> 0.90521562 | AA55: =1/ABS(AA22) -> 3.6766428 | AB55: =1/ABS(AB22) -> 2.6226377 | AC55: =1/ABS(AC22) -> 4.586284 | AD55: =1/ABS(AD22) -> 23.630574 | AE55: =1/ABS(AE22) -> 1.1657979 | AF55: =1/ABS(AF22) -> 2.0797499 | ... AI55: =1/ABS(AI22) -> 1.8699439 | AJ55: =SUM(E55:AI55) -> 71.430756 | AK55: 71.430756 | AL55: 71.430756 | AM55: 71.430756 | AN55: 71.430756 | AO55: 71.430756 | AP55: 71.430756 | AQ55: 71.430756 | AR55: 71.430756 | AS55: 71.430756 | AT55: 71.430756 | AU55: 71.430756 | AV55: 71.430756 | AW55: 71.430756 | AX55: 71.430756 | AY55: 71.430756 | AZ55: 71.430756 | BA55: 71.430756 | BB55: 71.430756 | BC55: 71.430756 | BD55: 71.430756 | BE55: 71.430756 | BF55: 71.430756 | BG55: 71.430756 | BH55: 71.430756 | BI55: 71.430756 | BJ55: 71.430756 | BK55: 71.430756 | BL55: 71.430756 | BM55: 71.430756 | BN55: 71.430756
D56: 海南 | E56: =1/ABS(E23) -> 0.18668536 | F56: =1/ABS(F23) -> 0.23330583 | G56: =1/ABS(G23) -> 7.9165647 | H56: =1/ABS(H23) -> 5.7120794 | I56: =1/ABS(I23) -> 0.64343298 | J56: =1/ABS(J23) -> 0.84160449 | K56: =1/ABS(K23) -> 2.2975058 | L56: =1/ABS(L23) -> 27.381757 | ... X56: =1/ABS(X23) -> 2.0254974 | Y56: 0 | Z56: =1/ABS(Z23) -> 1.6366524 | AA56: =1/ABS(AA23) -> 4.5102208 | AB56: =1/ABS(AB23) -> 1.1428553 | AC56: =1/ABS(AC23) -> 1.404993 | AD56: =1/ABS(AD23) -> 1.8655883 | AE56: =1/ABS(AE23) -> 2.7466816 | AF56: =1/ABS(AF23) -> 1.0261326 | AG56: =1/ABS(AG23) -> 8.3113168 | ... AI56: =1/ABS(AI23) -> 24.34896 | AJ56: =SUM(E56:AI56) -> 154.18996 | AK56: 154.18996 | AL56: 154.18996 | AM56: 154.18996 | AN56: 154.18996 | AO56: 154.18996 | AP56: 154.18996 | AQ56: 154.18996 | AR56: 154.18996 | AS56: 154.18996 | AT56: 154.18996 | AU56: 154.18996 | AV56: 154.18996 | AW56: 154.18996 | AX56: 154.18996 | AY56: 154.18996 | AZ56: 154.18996 | BA56: 154.18996 | BB56: 154.18996 | BC56: 154.18996 | BD56: 154.18996 | BE56: 154.18996 | BF56: 154.18996 | BG56: 154.18996 | BH56: 154.18996 | BI56: 154.18996 | BJ56: 154.18996 | BK56: 154.18996 | BL56: 154.18996 | BM56: 154.18996 | BN56: 154.18996
D57: 重庆 | E57: =1/ABS(E24) -> 0.21072137 | F57: =1/ABS(F24) -> 0.27209284 | G57: =1/ABS(G24) -> 2.063192 | H57: =1/ABS(H24) -> 1.2721499 | I57: =1/ABS(I24) -> 1.0602653 | J57: =1/ABS(J24) -> 1.7324918 | K57: =1/ABS(K24) -> 5.6899435 | L57: =1/ABS(L24) -> 1.5443444 | ... Y57: =1/ABS(Y24) -> 1.6366524 | Z57: 0 | AA57: =1/ABS(AA24) -> 1.2008811 | AB57: =1/ABS(AB24) -> 0.67294538 | AC57: =1/ABS(AC24) -> 0.7560004 | AD57: =1/ABS(AD24) -> 0.87181888 | AE57: =1/ABS(AE24) -> 4.0497702 | AF57: =1/ABS(AF24) -> 0.63070146 | AG57: =1/ABS(AG24) -> 1.3673883 | AH57: =1/ABS(AH24) -> 1.9092071 | AI57: =1/ABS(AI24) -> 1.7545898 | AJ57: =SUM(E57:AI57) -> 119.42559 | AK57: 119.42559 | AL57: 119.42559 | AM57: 119.42559 | AN57: 119.42559 | AO57: 119.42559 | AP57: 119.42559 | AQ57: 119.42559 | AR57: 119.42559 | AS57: 119.42559 | AT57: 119.42559 | AU57: 119.42559 | AV57: 119.42559 | AW57: 119.42559 | AX57: 119.42559 | AY57: 119.42559 | AZ57: 119.42559 | BA57: 119.42559 | BB57: 119.42559 | BC57: 119.42559 | BD57: 119.42559 | BE57: 119.42559 | BF57: 119.42559 | BG57: 119.42559 | BH57: 119.42559 | BI57: 119.42559 | BJ57: 119.42559 | BK57: 119.42559 | BL57: 119.42559 | BM57: 119.42559 | BN57: 119.42559
D58: 四川 | E58: =1/ABS(E25) -> 0.17926528 | F58: =1/ABS(F25) -> 0.22183091 | G58: =1/ABS(G25) -> 2.8732655 | H58: =1/ABS(H25) -> 21.435748 | I58: =1/ABS(I25) -> 0.56310046 | J58: =1/ABS(J25) -> 0.70925747 | K58: =1/ABS(K25) -> 1.522132 | L58: =1/ABS(L25) -> 5.3996272 | ... Z58: =1/ABS(Z25) -> 1.2008811 | AA58: 0 | AB58: =1/ABS(AB25) -> 1.5307307 | AC58: =1/ABS(AC25) -> 2.0406968 | AD58: =1/ABS(AD25) -> 3.1816197 | AE58: =1/ABS(AE25) -> 1.7070838 | AF58: =1/ABS(AF25) -> 1.3283488 | AG58: =1/ABS(AG25) -> 9.8618591 | AH58: =1/ABS(AH25) -> 3.2368298 | AI58: =1/ABS(AI25) -> 3.8053466 | AJ58: =SUM(E58:AI58) -> 200.50223 | AK58: 200.50223 | AL58: 200.50223 | AM58: 200.50223 | AN58: 200.50223 | AO58: 200.50223 | AP58: 200.50223 | AQ58: 200.50223 | AR58: 200.50223 | AS58: 200.50223 | AT58: 200.50223 | AU58: 200.50223 | AV58: 200.50223 | AW58: 200.50223 | AX58: 200.50223 | AY58: 200.50223 | AZ58: 200.50223 | BA58: 200.50223 | BB58: 200.50223 | BC58: 200.50223 | BD58: 200.50223 | BE58: 200.50223 | BF58: 200.50223 | BG58: 200.50223 | BH58: 200.50223 | BI58: 200.50223 | BJ58: 200.50223 | BK58: 200.50223 | BL58: 200.50223 | BM58: 200.50223 | BN58: 200.50223
D59: 贵州 | E59: =1/ABS(E26) -> 0.16047223 | F59: =1/ABS(F26) -> 0.19375261 | G59: =1/ABS(G26) -> 0.9986829 | H59: =1/ABS(H26) -> 1.4287065 | I59: =1/ABS(I26) -> 0.41166412 | J59: =1/ABS(J26) -> 0.48468211 | K59: =1/ABS(K26) -> 0.76320961 | L59: =1/ABS(L26) -> 1.1926332 | ... AA59: =1/ABS(AA26) -> 1.5307307 | AB59: 0 | AC59: =1/ABS(AC26) -> 6.1254213 | AD59: =1/ABS(AD26) -> 2.9500486 | AE59: =1/ABS(AE26) -> 0.80705228 | AF59: =1/ABS(AF26) -> 10.047069 | AG59: =1/ABS(AG26) -> 1.3250587 | AH59: =1/ABS(AH26) -> 1.0392558 | AI59: =1/ABS(AI26) -> 1.0916185 | AJ59: =SUM(E59:AI59) -> 42.869963 | AK59: 42.869963 | AL59: 42.869963 | AM59: 42.869963 | AN59: 42.869963 | AO59: 42.869963 | AP59: 42.869963 | AQ59: 42.869963 | AR59: 42.869963 | AS59: 42.869963 | AT59: 42.869963 | AU59: 42.869963 | AV59: 42.869963 | AW59: 42.869963 | AX59: 42.869963 | AY59: 42.869963 | AZ59: 42.869963 | BA59: 42.869963 | BB59: 42.869963 | BC59: 42.869963 | BD59: 42.869963 | BE59: 42.869963 | BF59: 42.869963 | BG59: 42.869963 | BH59: 42.869963 | BI59: 42.869963 | BJ59: 42.869963 | BK59: 42.869963 | BL59: 42.869963 | BM59: 42.869963 | BN59: 42.869963
D60: 云南 | E60: =1/ABS(E27) -> 0.16478934 | F60: =1/ABS(F27) -> 0.20008136 | G60: =1/ABS(G27) -> 1.1932252 | H60: =1/ABS(H27) -> 1.8633086 | I60: =1/ABS(I27) -> 0.44132365 | J60: =1/ABS(J27) -> 0.52632855 | K60: =1/ABS(K27) -> 0.87183809 | L60: =1/ABS(L27) -> 1.4809841 | ... AB60: =1/ABS(AB27) -> 6.1254213 | AC60: 0 | AD60: =1/ABS(AD27) -> 5.6907621 | AE60: =1/ABS(AE27) -> 0.92952091 | AF60: =1/ABS(AF27) -> 3.8053837 | AG60: =1/ABS(AG27) -> 1.6908187 | AH60: =1/ABS(AH27) -> 1.2516068 | AI60: =1/ABS(AI27) -> 1.3283443 | AJ60: =SUM(E60:AI60) -> 46.040622 | AK60: 46.040622 | AL60: 46.040622 | AM60: 46.040622 | AN60: 46.040622 | AO60: 46.040622 | AP60: 46.040622 | AQ60: 46.040622 | AR60: 46.040622 | AS60: 46.040622 | AT60: 46.040622 | AU60: 46.040622 | AV60: 46.040622 | AW60: 46.040622 | AX60: 46.040622 | AY60: 46.040622 | AZ60: 46.040622 | BA60: 46.040622 | BB60: 46.040622 | BC60: 46.040622 | BD60: 46.040622 | BE60: 46.040622 | BF60: 46.040622 | BG60: 46.040622 | BH60: 46.040622 | BI60: 46.040622 | BJ60: 46.040622 | BK60: 46.040622 | BL60: 46.040622 | BM60: 46.040622 | BN60: 46.040622
D61: 西藏 | E61: =1/ABS(E28) -> 0.1697035 | F61: =1/ABS(F28) -> 0.20737236 | G61: =1/ABS(G28) -> 1.5097955 | H61: =1/ABS(H28) -> 2.770418 | I61: =1/ABS(I28) -> 0.47842601 | J61: =1/ABS(J28) -> 0.57996885 | K61: =1/ABS(K28) -> 1.0295707 | L61: =1/ABS(L28) -> 2.0019888 | ... AC61: =1/ABS(AC28) -> 5.6907621 | AD61: 0 | AE61: =1/ABS(AE28) -> 1.1109881 | AF61: =1/ABS(AF28) -> 2.280455 | AG61: =1/ABS(AG28) -> 2.4055458 | AH61: =1/ABS(AH28) -> 1.6044937 | AI61: =1/ABS(AI28) -> 1.7328215 | AJ61: =SUM(E61:AI61) -> 69.501826 | AK61: 69.501826 | AL61: 69.501826 | AM61: 69.501826 | AN61: 69.501826 | AO61: 69.501826 | AP61: 69.501826 | AQ61: 69.501826 | AR61: 69.501826 | AS61: 69.501826 | AT61: 69.501826 | AU61: 69.501826 | AV61: 69.501826 | AW61: 69.501826 | AX61: 69.501826 | AY61: 69.501826 | AZ61: 69.501826 | BA61: 69.501826 | BB61: 69.501826 | BC61: 69.501826 | BD61: 69.501826 | BE61: 69.501826 | BF61: 69.501826 | BG61: 69.501826 | BH61: 69.501826 | BI61: 69.501826 | BJ61: 69.501826 | BK61: 69.501826 | BL61: 69.501826 | BM61: 69.501826 | BN61: 69.501826
D62: 陕西 | E62: =1/ABS(E29) -> 0.20029922 | F62: =1/ABS(F29) -> 0.2549626 | G62: =1/ABS(G29) -> 4.2059525 | H62: =1/ABS(H29) -> 1.8547945 | I62: =1/ABS(I29) -> 0.84027419 | J62: =1/ABS(J29) -> 1.2133995 | K62: =1/ABS(K29) -> 14.049102 | L62: =1/ABS(L29) -> 2.4962783 | ... AD62: =1/ABS(AD29) -> 1.1109881 | AE62: 0 | AF62: =1/ABS(AF29) -> 0.74704435 | AG62: =1/ABS(AG29) -> 2.064437 | AH62: =1/ABS(AH29) -> 3.6120635 | AI62: =1/ABS(AI29) -> 3.0959161 | AJ62: =SUM(E62:AI62) -> 63.261638 | AK62: 63.261638 | AL62: 63.261638 | AM62: 63.261638 | AN62: 63.261638 | AO62: 63.261638 | AP62: 63.261638 | AQ62: 63.261638 | AR62: 63.261638 | AS62: 63.261638 | AT62: 63.261638 | AU62: 63.261638 | AV62: 63.261638 | AW62: 63.261638 | AX62: 63.261638 | AY62: 63.261638 | AZ62: 63.261638 | BA62: 63.261638 | BB62: 63.261638 | BC62: 63.261638 | BD62: 63.261638 | BE62: 63.261638 | BF62: 63.261638 | BG62: 63.261638 | BH62: 63.261638 | BI62: 63.261638 | BJ62: 63.261638 | BK62: 63.261638 | BL62: 63.261638 | BM62: 63.261638 | BN62: 63.261638
D63: 甘肃 | E63: =1/ABS(E30) -> 0.15794945 | F63: =1/ABS(F30) -> 0.19008688 | G63: =1/ABS(G30) -> 0.90838869 | H63: =1/ABS(H30) -> 1.250836 | I63: =1/ABS(I30) -> 0.39546069 | J63: =1/ABS(J30) -> 0.46237653 | K63: =1/ABS(K30) -> 0.70932674 | L63: =1/ABS(L30) -> 1.0660841 | ... AE63: =1/ABS(AE30) -> 0.74704435 | AF63: 0 | AG63: =1/ABS(AG30) -> 1.1706654 | AH63: =1/ABS(AH30) -> 0.94183371 | AI63: =1/ABS(AI30) -> 0.98463725 | AJ63: =SUM(E63:AI63) -> 37.304711 | AK63: 37.304711 | AL63: 37.304711 | AM63: 37.304711 | AN63: 37.304711 | AO63: 37.304711 | AP63: 37.304711 | AQ63: 37.304711 | AR63: 37.304711 | AS63: 37.304711 | AT63: 37.304711 | AU63: 37.304711 | AV63: 37.304711 | AW63: 37.304711 | AX63: 37.304711 | AY63: 37.304711 | AZ63: 37.304711 | BA63: 37.304711 | BB63: 37.304711 | BC63: 37.304711 | BD63: 37.304711 | BE63: 37.304711 | BF63: 37.304711 | BG63: 37.304711 | BH63: 37.304711 | BI63: 37.304711 | BJ63: 37.304711 | BK63: 37.304711 | BL63: 37.304711 | BM63: 37.304711 | BN63: 37.304711
D64: 青海 | E64: =1/ABS(E31) -> 0.18258423 | F64: =1/ABS(F31) -> 0.22693555 | G64: =1/ABS(G31) -> 4.0545697 | H64: =1/ABS(H31) -> 18.264935 | I64: =1/ABS(I31) -> 0.59719986 | J64: =1/ABS(J31) -> 0.76421957 | K64: =1/ABS(K31) -> 1.7999451 | L64: =1/ABS(L31) -> 11.933571 | ... AF64: =1/ABS(AF31) -> 1.1706654 | AG64: 0 | AH64: =1/ABS(AH31) -> 4.818267 | AI64: =1/ABS(AI31) -> 6.1962708 | AJ64: =SUM(E64:AI64) -> 117.56044 | AK64: 117.56044 | AL64: 117.56044 | AM64: 117.56044 | AN64: 117.56044 | AO64: 117.56044 | AP64: 117.56044 | AQ64: 117.56044 | AR64: 117.56044 | AS64: 117.56044 | AT64: 117.56044 | AU64: 117.56044 | AV64: 117.56044 | AW64: 117.56044 | AX64: 117.56044 | AY64: 117.56044 | AZ64: 117.56044 | BA64: 117.56044 | BB64: 117.56044 | BC64: 117.56044 | BD64: 117.56044 | BE64: 117.56044 | BF64: 117.56044 | BG64: 117.56044 | BH64: 117.56044 | BI64: 117.56044 | BJ64: 117.56044 | BK64: 117.56044 | BL64: 117.56044 | BM64: 117.56044 | BN64: 117.56044
D65: 宁夏 | E65: =1/ABS(E32) -> 0.18977562 | F65: =1/ABS(F32) -> 0.23815229 | G65: =1/ABS(G32) -> 25.580818 | H65: =1/ABS(H32) -> 3.8125271 | I65: =1/ABS(I32) -> 0.68169217 | J65: =1/ABS(J32) -> 0.90828092 | K65: =1/ABS(K32) -> 2.8733239 | L65: =1/ABS(L32) -> 8.0810503 | ... AG65: =1/ABS(AG32) -> 4.818267 | AH65: 0 | AI65: =1/ABS(AI32) -> 21.665605 | AJ65: =SUM(E65:AI65) -> 209.96728 | AK65: 209.96728 | AL65: 209.96728 | AM65: 209.96728 | AN65: 209.96728 | AO65: 209.96728 | AP65: 209.96728 | AQ65: 209.96728 | AR65: 209.96728 | AS65: 209.96728 | AT65: 209.96728 | AU65: 209.96728 | AV65: 209.96728 | AW65: 209.96728 | AX65: 209.96728 | AY65: 209.96728 | AZ65: 209.96728 | BA65: 209.96728 | BB65: 209.96728 | BC65: 209.96728 | BD65: 209.96728 | BE65: 209.96728 | BF65: 209.96728 | BG65: 209.96728 | BH65: 209.96728 | BI65: 209.96728 | BJ65: 209.96728 | BK65: 209.96728 | BL65: 209.96728 | BM65: 209.96728 | BN65: 209.96728
D66: 新疆 | E66: =1/ABS(E33) -> 0.18812775 | F66: =1/ABS(F33) -> 0.23556294 | G66: =1/ABS(G33) -> 11.730494 | H66: =1/ABS(H33) -> 4.6266927 | I66: =1/ABS(I33) -> 0.66089752 | J66: =1/ABS(J33) -> 0.87173541 | K66: =1/ABS(K33) -> 2.5368793 | L66: =1/ABS(L33) -> 12.888228 | ... AH66: =1/ABS(AH33) -> 21.665605 | AI66: 0 | AJ66: =SUM(E66:AI66) -> 152.71598 | AK66: 152.71598 | AL66: 152.71598 | AM66: 152.71598 | AN66: 152.71598 | AO66: 152.71598 | AP66: 152.71598 | AQ66: 152.71598 | AR66: 152.71598 | AS66: 152.71598 | AT66: 152.71598 | AU66: 152.71598 | AV66: 152.71598 | AW66: 152.71598 | AX66: 152.71598 | AY66: 152.71598 | AZ66: 152.71598 | BA66: 152.71598 | BB66: 152.71598 | BC66: 152.71598 | BD66: 152.71598 | BE66: 152.71598 | BF66: 152.71598 | BG66: 152.71598 | BH66: 152.71598 | BI66: 152.71598 | BJ66: 152.71598 | BK66: 152.71598 | BL66: 152.71598 | BM66: 152.71598 | BN66: 152.71598
B68: 1/绝对值行标准化
E69: 北京 | F69: 天津 | G69: 河北 | H69: 山西 | I69: 内蒙古 | J69: 辽宁 | K69: 吉林 | L69: 黑龙江 | M69: 上海 | N69: 江苏 | O69: 浙江 | P69: 安徽 | Q69: 福建 | R69: 江西 | S69: 山东 | T69: 河南 | U69: 湖北 | V69: 湖南 | W69: 广东 | X69: 广西 | Y69: 海南 | Z69: 重庆 | AA69: 四川 | AB69: 贵州 | AC69: 云南 | AD69: 西藏 | AE69: 陕西 | AF69: 甘肃 | AG69: 青海 | AH69: 宁夏 | AI69: 新疆
D70: 北京 | E70: =E36/AJ36 -> 0 | F70: =F36/AK36 -> 0.094777644 | G70: =G36/AL36 -> 0.019396394 | H70: =H36/AM36 -> 0.018339611 | I70: =I36/AN36 -> 0.026679887 | J70: =J36/AO36 -> 0.024337576 | K70: =K36/AP36 -> 0.020614001 | L70: =L36/AQ36 -> 0.018810747 | ... AE70: =AE36/BJ36 -> 0.020320105 | AF70: =AF36/BJ36 -> 0.016023774 | AG70: =AG36/BK36 -> 0.018522942 | AH70: =AH36/BL36 -> 0.019252499 | AI70: =AI36/BM36 -> 0.019085325
D71: 天津 | E71: =E37/AJ37 -> 0.093761283 | F71: =F37/AK37 -> 0 | G71: =G37/AL37 -> 0.024125772 | H71: =H37/AM37 -> 0.02249594 | I71: =I37/AN37 -> 0.036734549 | J71: =J37/AO37 -> 0.032395233 | K71: =K37/AP37 -> 0.026061221 | L71: =L37/AQ37 -> 0.023216951 | ... AD71: =AD37/BI37 -> 0.020812066 | AE71: =AE37/BI37 -> 0.025588263 | AF71: =AF37/BJ37 -> 0.01907728 | AG71: =AG37/BK37 -> 0.022775445 | AH71: =AH37/BL37 -> 0.023901166 | AI71: =AI37/BM37 -> 0.023641296
D72: 河北 | E72: =E38/AJ38 -> 0.0016541966 | F72: =F38/AK38 -> 0.0020798389 | G72: =G38/AL38 -> 0 | H72: =H38/AM38 -> 0.028707221 | I72: =I38/AN38 -> 0.0060594253 | J72: =J38/AO38 -> 0.0081476734 | K72: =K38/AP38 -> 0.028005453 | L72: =L38/AQ38 -> 0.053132081 | ... AD72: =AD38/BI38 -> 0.013062639 | AE72: =AE38/BI38 -> 0.03638959 | AF72: =AF38/BJ38 -> 0.0078593118 | AG72: =AG38/BK38 -> 0.035079838 | AH72: =AH38/BL38 -> 0.22132335 | AI72: =AI38/BM38 -> 0.10149137
D73: 山西 | E73: =E39/AJ39 -> 0.001437817 | F73: =F39/AK39 -> 0.0017827893 | G73: =G39/AL39 -> 0.026389949 | H73: =H39/AM39 -> 0 | I73: =I39/AN39 -> 0.0045994636 | J73: =J39/AO39 -> 0.0058341419 | K73: =K39/AP39 -> 0.013031699 | L73: =L39/AQ39 -> 0.057406794 | ... AD73: =AD39/BI39 -> 0.022034617 | AE73: =AE39/BI39 -> 0.014752173 | AF73: =AF39/BJ39 -> 0.0099485677 | AG73: =AG39/BK39 -> 0.1452708 | AH73: =AH39/BL39 -> 0.030323068 | AI73: =AI39/BM39 -> 0.036798563
D74: 内蒙古 | E74: =E40/AJ40 -> 0.0064555691 | F74: =F40/AK40 -> 0.0089847839 | G74: =G40/AL40 -> 0.017191583 | H74: =H40/AM40 -> 0.014195289 | I74: =I40/AN40 -> 0 | J74: =J40/AO40 -> 0.067076037 | K74: =K40/AP40 -> 0.021938279 | L74: =L40/AQ40 -> 0.015431684 | ... AD74: =AD40/BI40 -> 0.011743891 | AE74: =AE40/BI40 -> 0.020626155 | AF74: =AF40/BJ40 -> 0.0097073472 | AG74: =AG40/BK40 -> 0.014659425 | AH74: =AH40/BL40 -> 0.016733452 | AI74: =AI40/BM40 -> 0.016223007
D75: 辽宁 | E75: =E41/AJ41 -> 0.008381488 | F75: =F41/AK41 -> 0.011277356 | G75: =G41/AL41 -> 0.032901167 | H75: =H41/AM41 -> 0.025627561 | I75: =I41/AN41 -> 0.095468619 | J75: =J41/AO41 -> 0 | K75: =K41/AP41 -> 0.046400559 | L75: =L41/AQ41 -> 0.028526672 | ... AD75: =AD41/BI41 -> 0.020262599 | AE75: =AE41/BI41 -> 0.042393014 | AF75: =AF41/BJ41 -> 0.016154231 | AG75: =AG41/BK41 -> 0.026699839 | AH75: =AH41/BL41 -> 0.031732967 | AI75: =AI41/BM41 -> 0.030456162
D76: 吉林 | E76: =E42/AJ42 -> 0.0033199573 | F76: =F42/AK42 -> 0.0042427491 | G76: =G42/AL42 -> 0.052886729 | H76: =H42/AM42 -> 0.026770577 | I76: =I42/AN42 -> 0.014602332 | J76: =J42/AO42 -> 0.021699495 | K76: =K42/AP42 -> 0 | L76: =L42/AQ42 -> 0.034632331 | ... AD76: =AD42/BI42 -> 0.016821825 | AE76: =AE42/BI42 -> 0.22954375 | AF76: =AF42/BJ42 -> 0.011589461 | AG76: =AG42/BK42 -> 0.029408723 | AH76: =AH42/BL42 -> 0.046946313 | AI76: =AI42/BM42 -> 0.041449253
D77: 黑龙江 | E77: =E43/AJ43 -> 0.000687132 | F77: =F43/AK43 -> 0.00085727803 | G77: =G43/AL43 -> 0.022757515 | H77: =H43/AM43 -> 0.026747545 | I77: =I43/AN43 -> 0.0023296833 | J77: =J43/AO43 -> 0.0030258085 | K77: =K43/AP43 -> 0.0078549901 | L77: =L43/AQ43 -> 0 | ... AD77: =AD43/BI43 -> 0.0074189505 | AE77: =AE43/BI43 -> 0.0092506837 | AF77: =AF43/BJ43 -> 0.0039506841 | AG77: =AG43/BK43 -> 0.044223311 | AH77: =AH43/BL43 -> 0.029946677 | AI77: =AI43/BM43 -> 0.04776107
D78: 上海 | E78: =E44/AJ44 -> 0.310795 | F78: =F44/AK44 -> 0.076791575 | G78: =G44/AL44 -> 0.019559206 | H78: =H44/AM44 -> 0.01855718 | I78: =I44/AN44 -> 0.026282728 | J78: =J44/AO44 -> 0.024154617 | K78: =K44/AP44 -> 0.020705234 | L78: =L44/AQ44 -> 0.019004755 | ... AD78: =AD44/BI44 -> 0.017484399 | AE78: =AE44/BI44 -> 0.020429442 | AF78: =AF44/BJ44 -> 0.016337047 | AG78: =AG44/BK44 -> 0.018731506 | AH78: =AH44/BL44 -> 0.019423171 | AI78: =AI44/BM44 -> 0.019264969
D79: 江苏 | E79: =E45/AJ45 -> 0.032979318 | F79: =F45/AK45 -> 0.065198773 | G79: =G45/AL45 -> 0.023311836 | H79: =H45/AM45 -> 0.021224327 | I79: =I45/AN45 -> 0.043652338 | J79: =J45/AO45 -> 0.035674404 | K79: =K45/AP45 -> 0.025925636 | L79: =L45/AQ45 -> 0.022135534 | ... AD79: =AD45/BI45 -> 0.019168557 | AE79: =AE45/BI45 -> 0.025272761 | AF79: =AF45/BJ45 -> 0.017150469 | AG79: =AG45/BK45 -> 0.021575296 | AH79: =AH45/BL45 -> 0.023018186 | AI79: =AI45/BM45 -> 0.022680855
D80: 浙江 | E80: =E46/AJ46 -> 0.023748246 | F80: =F46/AK46 -> 0.040400679 | G80: =G46/AL46 -> 0.02341881 | H80: =H46/AM46 -> 0.021013845 | I80: =I46/AN46 -> 0.051155587 | J80: =J46/AO46 -> 0.039243089 | K80: =K46/AP46 -> 0.026531319 | L80: =L46/AQ46 -> 0.022055028 | ... AD80: =AD46/BI46 -> 0.018712373 | AE80: =AE46/BI46 -> 0.025743028 | AF80: =AF46/BJ46 -> 0.016515005 | AG80: =AG46/BK46 -> 0.021413319 | AH80: =AH46/BL46 -> 0.023076254 | AI80: =AI46/BM46 -> 0.022684476
D81: 安徽 | E81: =E47/AJ47 -> 0.00087111739 | F81: =F47/AK47 -> 0.0010774642 | G81: =G47/AL47 -> 0.013567313 | H81: =H47/AM47 -> 0.084707232 | I81: =I47/AN47 -> 0.0027250142 | J81: =J47/AO47 -> 0.0034269223 | K81: =K47/AP47 -> 0.007290814 | L81: =L47/AQ47 -> 0.024837688 | ... AD81: =AD47/BI47 -> 0.016043347 | AE81: =AE47/BI47 -> 0.0081606325 | AF81: =AF47/BJ47 -> 0.0065618477 | AG81: =AG47/BK47 -> 0.043383266 | AH81: =AH47/BL47 -> 0.015225906 | AI81: =AI47/BM47 -> 0.017794362
D82: 福建 | E82: =E48/AJ48 -> 0.0091453664 | F82: =F48/AK48 -> 0.013426638 | G82: =G48/AL48 -> 0.016387127 | H82: =H48/AM48 -> 0.014116188 | I82: =I48/AN48 -> 0.06890063 | J82: =J48/AO48 -> 0.037829884 | K82: =K48/AP48 -> 0.019623094 | L82: =L48/AQ48 -> 0.015076656 | ... AD82: =AD48/BI48 -> 0.012106794 | AE82: =AE48/BI48 -> 0.018769154 | AF82: =AF48/BJ48 -> 0.010321836 | AG82: =AG48/BK48 -> 0.014480735 | AH82: =AH48/BL48 -> 0.016052172 | AI82: =AI48/BM48 -> 0.015673901
... D94: 云南 | E94: =E60/AJ60 -> 0.0035792162 | F94: =F60/AK60 -> 0.0043457571 | G94: =G60/AL60 -> 0.025916792 | H94: =H60/AM60 -> 0.04047097 | I94: =I60/AN60 -> 0.0095855275 | J94: =J60/AO60 -> 0.01143183 | K94: =K60/AP60 -> 0.01893628 | L94: =L60/AQ60 -> 0.032166901 | ... AD94: =AD60/BI60 -> 0.12360307 | AE94: =AE60/BI60 -> 0.020189148 | AF94: =AF60/BJ60 -> 0.082652744 | AG94: =AG60/BK60 -> 0.036724498 | AH94: =AH60/BL60 -> 0.027184837 | AI94: =AI60/BM60 -> 0.028851572
D95: 西藏 | E95: =E61/AJ61 -> 0.0024417129 | F95: =F61/AK61 -> 0.0029836966 | G95: =G61/AL61 -> 0.021723105 | H95: =H61/AM61 -> 0.039861082 | I95: =I61/AN61 -> 0.0068836466 | J95: =J61/AO61 -> 0.0083446563 | K95: =K61/AP61 -> 0.014813578 | L95: =L61/AQ61 -> 0.028804838 | ... AI95: =AI61/BN61 -> 0.024932029
D96: 陕西 | E96: =E62/AJ62 -> 0.0031662035 | F96: =F62/AK62 -> 0.0040302878 | G96: =G62/AL62 -> 0.06648504 | H96: =H62/AM62 -> 0.02931942 | I96: =I62/AN62 -> 0.013282524 | J96: =J62/AO62 -> 0.019180652 | K96: =K62/AP62 -> 0.22207933 | L96: =L62/AQ62 -> 0.039459591 | ... AD96: =AD62/BI62 -> 0.017561798 | AE96: =AE62/BI62 -> 0 | AF96: =AF62/BJ62 -> 0.011808805 | AG96: =AG62/BK62 -> 0.032633316 | AH96: =AH62/BL62 -> 0.057097217 | AI96: =AI62/BM62 -> 0.048938285
D97: 甘肃 | E97: =E63/AJ63 -> 0.0042340351 | F97: =F63/AK63 -> 0.0050955194 | G97: =G63/AL63 -> 0.024350509 | H97: =H63/AM63 -> 0.033530242 | I97: =I63/AN63 -> 0.010600824 | J97: =J63/AO63 -> 0.012394588 | K97: =K63/AP63 -> 0.019014401 | L97: =L63/AQ63 -> 0.028577735 | ... AD97: =AD63/BI63 -> 0.061130484 | AE97: =AE63/BI63 -> 0.020025469 | AF97: =AF63/BJ63 -> 0 | AG97: =AG63/BK63 -> 0.031381168 | AH97: =AH63/BL63 -> 0.025247045 | AI97: =AI63/BM63 -> 0.026394448
D98: 青海 | E98: =E64/AJ64 -> 0.0015531094 | F98: =F64/AK64 -> 0.0019303735 | G98: =G64/AL64 -> 0.034489236 | H98: =H64/AM64 -> 0.15536634 | I98: =I64/AN64 -> 0.005079939 | J98: =J64/AO64 -> 0.0065006524 | K98: =K64/AP64 -> 0.015310806 | L98: =L64/AQ64 -> 0.10151009 | ... AD98: =AD64/BI64 -> 0.020462204 | AE98: =AE64/BI64 -> 0.017560644 | AF98: =AF64/BJ64 -> 0.0099579874 | AG98: =AG64/BK64 -> 0 | AH98: =AH64/BL64 -> 0.040985445 | AI98: =AI64/BM64 -> 0.052707108
D99: 宁夏 | E99: =E65/AJ65 -> 0.00090383427 | F99: =F65/AK65 -> 0.0011342353 | G99: =G65/AL65 -> 0.1218324 | H99: =H65/AM65 -> 0.01815772 | I99: =I65/AN65 -> 0.0032466591 | J99: =J65/AO65 -> 0.0043258213 | K99: =K65/AP65 -> 0.013684627 | L99: =L65/AQ65 -> 0.038487189 | ... AD99: =AD65/BI65 -> 0.0076416368 | AE99: =AE65/BI65 -> 0.017202983 | AF99: =AF65/BJ65 -> 0.0044856214 | AG99: =AG65/BK65 -> 0.022947704 | AH99: =AH65/BL65 -> 0 | AI99: =AI65/BM65 -> 0.10318563
D100: 新疆 | E100: =E66/AJ66 -> 0.0012318799 | F100: =F66/AK66 -> 0.0015424904 | G100: =G66/AL66 -> 0.076812485 | H100: =H66/AM66 -> 0.030296061 | I100: =I66/AN66 -> 0.004327625 | J100: =J66/AO66 -> 0.0057082132 | K100: =K66/AP66 -> 0.016611747 | L100: =L66/AQ66 -> 0.084393448 | ... AD100: =AD66/BI66 -> 0.011346694 | AE100: =AE66/BI66 -> 0.020272377 | AF100: =AF66/BJ66 -> 0.0064475061 | AG100: =AG66/BK66 -> 0.04057382 | AH100: =AH66/BL66 -> 0.14186861 | AI100: =AI66/BM66 -> 0
B102: 1/距离行标准化
B103: 一样 | D103: 1/距离(千米)行标准化 | E103: 北京 | F103: 天津 | G103: 河北 | H103: 山西 | I103: 内蒙古 | J103: 辽宁 | K103: 吉林 | L103: 黑龙江 | M103: 上海 | N103: 江苏 | O103: 浙江 | P103: 安徽 | Q103: 福建 | R103: 江西 | S103: 山东 | T103: 河南 | U103: 湖北 | V103: 湖南 | W103: 广东 | X103: 广西 | Y103: 海南 | Z103: 重庆 | AA103: 四川 | AB103: 贵州 | AC103: 云南 | AD103: 西藏 | AE103: 陕西 | AF103: 甘肃 | AG103: 青海 | AH103: 宁夏 | AI103: 新疆
D104: 北京 | E104: 0 | F104: 0.24015646 | G104: 0.096351199 | H104: 0.056645436 | I104: 0.05434619 | J104: 0.036580631 | K104: 0.026605094 | L104: 0.021831258 | M104: 0.022142588 | N104: 0.026806317 | O104: 0.020920729 | P104: 0.025697537 | Q104: 0.015104354 | R104: 0.01856426 | S104: 0.064639568 | T104: 0.037199968 | U104: 0.0221568 | V104: 0.017531586 | W104: 0.012426894 | X104: 0.011269818 | Y104: 0.010256424 | Z104: 0.016255995 | AA104: 0.015320941 | AB104: 0.013339457 | AC104: 0.011155157 | AD104: 0.0090256168 | AE104: 0.025414165 | AF104: 0.019474717 | AG104: 0.017207589 | AH104: 0.026093909 | AI104: 0.0094793399
D105: 天津 | E105: 0.24029281 | F105: 0 | G105: 0.085615068 | H105: 0.05132866 | I105: 0.044834513 | J105: 0.039245941 | K105: 0.027439315 | L105: 0.022130588 | M105: 0.024157635 | N105: 0.029314499 | O105: 0.022561464 | P105: 0.027650194 | Q105: 0.015849059 | R105: 0.019382227 | S105: 0.079100604 | T105: 0.038074291 | U105: 0.023038555 | V105: 0.01798518 | W105: 0.012725988 | X105: 0.011388446 | Y105: 0.010413403 | Z105: 0.016153167 | AA105: 0.015075826 | AB105: 0.013363444 | AC105: 0.011103558 | AD105: 0.0088412614 | AE105: 0.024691801 | AF105: 0.018541402 | AG105: 0.016411668 | AH105: 0.024148644 | AI105: 0.0091407942
D106: 河北 | E106: 0.096742207 | F106: 0.085913731 | G106: 0 | H106: 0.12772575 | I106: 0.06258209 | J106: 0.027038231 | K106: 0.020998873 | L106: 0.017874642 | M106: 0.023216494 | N106: 0.030208301 | O106: 0.022603967 | P106: 0.03010202 | Q106: 0.016438827 | R106: 0.021506287 | S106: 0.077302247 | T106: 0.057278291 | U106: 0.02712941 | V106: 0.020804909 | W106: 0.013898572 | X106: 0.012688351 | Y106: 0.011342009 | Z106: 0.019624794 | AA106: 0.018269947 | AB106: 0.015497799 | AC106: 0.012665188 | AD106: 0.0098837185 | AE106: 0.034572141 | AF106: 0.023560062 | AG106: 0.020138244 | AH106: 0.032493164 | AI106: 0.0098997361
D107: 山西 | E107: 0.060302281 | F107: 0.054611267 | G107: 0.13542174 | H107: 0 | I107: 0.072924837 | J107: 0.023746807 | K107: 0.019272985 | L107: 0.016822332 | M107: 0.022575362 | N107: 0.029576787 | O107: 0.022525042 | P107: 0.030567934 | Q107: 0.017142686 | R107: 0.023154805 | S107: 0.056562471 | T107: 0.068966546 | U107: 0.030020358 | V107: 0.023416453 | W107: 0.015241164 | X107: 0.014257068 | Y107: 0.012523877 | Z107: 0.023739203 | AA107: 0.022279474 | AB107: 0.018004173 | AC107: 0.014634303 | AD107: 0.011358102 | AE107: 0.048570748 | AF107: 0.030568684 | AG107: 0.025239412 | AH107: 0.044829764 | AI107: 0.011143332
D108: 内蒙古 | E108: 0.073251791 | F108: 0.060396964 | G108: 0.08401181 | H108: 0.092332755 | I108: 0 | J108: 0.031085015 | K108: 0.026177724 | L108: 0.02330303 | M108: 0.022733225 | N108: 0.027452576 | O108: 0.022338034 | P108: 0.027677892 | Q108: 0.017671946 | R108: 0.022261705 | S108: 0.046698377 | T108: 0.044890375 | U108: 0.026926254 | V108: 0.022532848 | W108: 0.015999235 | X108: 0.015345712 | Y108: 0.013636695 | Z108: 0.024099937 | AA108: 0.023832019 | AB108: 0.018973178 | AC108: 0.016272428 | AD108: 0.014027626 | AE108: 0.041690409 | AF108: 0.036646111 | AG108: 0.031797709 | AH108: 0.060469929 | AI108: 0.015466693
D109: 辽宁 | E109: 0.061227098 | F109: 0.065650908 | G109: 0.045072524 | H109: 0.037336094 | I109: 0.038600632 | J109: 0 | K109: 0.13834369 | L109: 0.076120183 | M109: 0.033167938 | N109: 0.034027016 | O109: 0.029899993 | P109: 0.03128944 | Q109: 0.021968014 | R109: 0.023911395 | S109: 0.049365283 | T109: 0.033180864 | U109: 0.026039966 | V109: 0.021758805 | W109: 0.017128759 | X109: 0.015203281 | Y109: 0.014365967 | Z109: 0.019268193 | AA109: 0.018234755 | AB109: 0.016909947 | AC109: 0.01455784 | AD109: 0.012121113 | AE109: 0.025361336 | AF109: 0.021306884 | AG109: 0.019675082 | AH109: 0.025738552 | AI109: 0.013168448
D110: 吉林 | E110: 0.046802074 | F110: 0.048242196 | G110: 0.036790647 | H110: 0.031847876 | I110: 0.034165127 | J110: 0.14540093 | K110: 0 | L110: 0.17569679 | M110: 0.028534285 | N110: 0.028780287 | O110: 0.02608251 | P110: 0.026842766 | Q110: 0.020077237 | R110: 0.021442692 | S110: 0.038392031 | T110: 0.028319213 | U110: 0.023035011 | V110: 0.019762691 | W110: 0.016028727 | X110: 0.014400069 | Y110: 0.013679889 | Z110: 0.017890617 | AA110: 0.017118772 | AB110: 0.015880578 | AC110: 0.013907938 | AD110: 0.011936578 | AE110: 0.022888862 | AF110: 0.020034969 | AG110: 0.018746993 | AH110: 0.023868282 | AI110: 0.013403367
D111: 黑龙江 | E111: 0.044977784 | F111: 0.045568609 | G111: 0.036677336 | H111: 0.032556423 | I111: 0.035619067 | J111: 0.093697209 | K111: 0.20577036 | L111: 0 | M111: 0.028783518 | N111: 0.028969369 | O111: 0.026608906 | P111: 0.027295218 | Q111: 0.021112177 | R111: 0.022397434 | S111: 0.037257223 | T111: 0.02891056 | U111: 0.023923048 | V111: 0.020862923 | W111: 0.017211366 | X111: 0.015629336 | Y111: 0.014877858 | Z111: 0.019230228 | AA111: 0.018553581 | AB111: 0.01717423 | AC111: 0.01522683 | AD111: 0.013386341 | AE111: 0.024201326 | AF111: 0.021784482 | AG111: 0.020572506 | AH111: 0.025715838 | AI111: 0.015448913
D112: 上海 | E112: 0.027173973 | F112: 0.02963007 | G112: 0.028376742 | H112: 0.026024996 | I112: 0.020698394 | J112: 0.024319282 | K112: 0.019906342 | L112: 0.017145467 | M112: 0 | N112: 0.098983204 | O112: 0.17948078 | P112: 0.071862725 | Q112: 0.046961698 | R112: 0.044742619 | S112: 0.040036445 | T112: 0.034310414 | U112: 0.041231827 | V112: 0.031248526 | W112: 0.023473349 | X112: 0.017506004 | Y112: 0.017028264 | Z112: 0.019854699 | AA112: 0.017157085 | AB112: 0.018332251 | AC112: 0.014370335 | AD112: 0.0097642544 | AE112: 0.022871939 | AF112: 0.016333018 | AG112: 0.014748928 | AH112: 0.01777516 | AI112: 0.0086512085
D113: 江苏 | E113: 0.027208989 | F113: 0.029737964 | G113: 0.030538147 | H113: 0.02820054 | I113: 0.020673271 | J113: 0.020635102 | K113: 0.016606193 | L113: 0.014272333 | M113: 0.081867587 | N113: 0 | O113: 0.089960627 | P113: 0.17394537 | Q113: 0.034986839 | R113: 0.047645761 | S113: 0.046404377 | T113: 0.043119269 | U113: 0.052128592 | V113: 0.032828713 | W113: 0.020803499 | X113: 0.01594111 | Y113: 0.014914313 | Z113: 0.020001059 | AA113: 0.016924692 | AB113: 0.017625076 | AC113: 0.013394846 | AD113: 0.0089130613 | AE113: 0.024596901 | AF113: 0.01617577 | AG113: 0.014332699 | AH113: 0.01779877 | AI113: 0.0078185329
D114: 浙江 | E114: 0.023910846 | F114: 0.025771453 | G114: 0.025730244 | H114: 0.024183263 | I114: 0.018941481 | J114: 0.020417225 | K114: 0.016946 | L114: 0.014761342 | M114: 0.16715189 | N114: 0.10129671 | O114: 0 | P114: 0.082838093 | Q114: 0.056545396 | R114: 0.054570012 | S114: 0.035064931 | T114: 0.033330442 | U114: 0.04621946 | V114: 0.034492752 | W114: 0.0251456 | X114: 0.018032593 | Y114: 0.017519573 | Z114: 0.020134801 | AA114: 0.017091995 | AB114: 0.018758855 | AC114: 0.014390156 | AD114: 0.0094330355 | AE114: 0.022467103 | AF114: 0.01572499 | AG114: 0.014160097 | AH114: 0.016838265 | AI114: 0.008131387
D115: 安徽 | E115: 0.025535425 | F115: 0.027460174 | G115: 0.029791225 | H115: 0.028533094 | I115: 0.020404946 | J115: 0.018576201 | K115: 0.01516277 | L115: 0.013164939 | M115: 0.058187609 | N115: 0.17029003 | O115: 0.072021733 | P115: 0 | Q115: 0.035841369 | R115: 0.060202863 | S115: 0.042186179 | T115: 0.047707438 | U115: 0.072862989 | V115: 0.039390158 | W115: 0.02246943 | X115: 0.017075471 | Y115: 0.015730695 | Z115: 0.022024879 | AA115: 0.018213139 | AB115: 0.019199959 | AC115: 0.014206443 | AD115: 0.0091467551 | AE115: 0.026772987 | AF115: 0.016872705 | AG115: 0.014846289 | AH115: 0.018290154 | AI115: 0.0078319543
... D134: 新疆 | E134: 0.033525677 | F134: 0.032309995 | G134: 0.034870984 | H134: 0.037020794 | I134: 0.04058334 | J134: 0.027825409 | K134: 0.026947164 | L134: 0.026520279 | M134: 0.024931676 | N134: 0.027242658 | O134: 0.025162047 | P134: 0.027875201 | Q134: 0.023565708 | R134: 0.027016253 | S134: 0.030988434 | T134: 0.033265803 | U134: 0.029372918 | V134: 0.028859776 | W134: 0.024910902 | X134: 0.027012652 | Y134: 0.024253097 | Z134: 0.035522572 | AA134: 0.039431948 | AB134: 0.031794398 | AC134: 0.033100565 | AD134: 0.051065384 | AE134: 0.038834896 | AF134: 0.050822862 | AG134: 0.056796868 | AH134: 0.048569739 | AI134: 0
B136: 经济空间权重矩阵行标准化 | E136: 北京 | F136: 天津 | G136: 河北 | H136: 山西 | I136: 内蒙古 | J136: 辽宁 | K136: 吉林 | L136: 黑龙江 | M136: 上海 | N136: 江苏 | O136: 浙江 | P136: 安徽 | Q136: 福建 | R136: 江西 | S136: 山东 | T136: 河南 | U136: 湖北 | V136: 湖南 | W136: 广东 | X136: 广西 | Y136: 海南 | Z136: 重庆 | AA136: 四川 | AB136: 贵州 | AC136: 云南 | AD136: 西藏 | AE136: 陕西 | AF136: 甘肃 | AG136: 青海 | AH136: 宁夏 | AI136: 新疆 | AJ136: 行之和
D137: 北京 | E137: =E104*E70 -> 0 | F137: =F104*F70 -> 0.022761464 | G137: =G104*G70 -> 0.0018688659 | H137: =H104*H70 -> 0.0010388553 | I137: =I104*I70 -> 0.0014499502 | J137: =J104*J70 -> 0.00089028391 | K137: =K104*K70 -> 0.00054843742 | L137: =L104*L70 -> 0.00041066226 | ... AI137: =AI104*AI70 -> 0.00018091628 | AJ137: =SUM(E137:AI137) -> 0.045694349 | AK137: =$AJ137 -> 0.045694349 | AL137: =$AJ137 -> 0.045694349 | AM137: =$AJ137 -> 0.045694349 | AN137: =$AJ137 -> 0.045694349 | AO137: =$AJ137 -> 0.045694349 | AP137: =$AJ137 -> 0.045694349 | AQ137: =$AJ137 -> 0.045694349 | AR137: =$AJ137 -> 0.045694349 | ... BN137: =$AJ137 -> 0.045694349
D138: 天津 | E138: =E105*E71 -> 0.022530162 | F138: =F105*F71 -> 0 | G138: =G105*G71 -> 0.0020655296 | H138: =H105*H71 -> 0.0011546865 | I138: =I105*I71 -> 0.0016469756 | J138: =J105*J71 -> 0.0012713814 | K138: =K105*K71 -> 0.00071510206 | L138: =L105*L71 -> 0.00051380479 | ... AI138: =AI105*AI71 -> 0.00021610022 | AJ138: =SUM(E138:AI138) -> 0.046956072 | AK138: =$AJ138 -> 0.046956072 | AL138: =$AJ138 -> 0.046956072 | AM138: =$AJ138 -> 0.046956072 | AN138: =$AJ138 -> 0.046956072 | AO138: =$AJ138 -> 0.046956072 | AP138: =$AJ138 -> 0.046956072 | AQ138: =$AJ138 -> 0.046956072 | AR138: =$AJ138 -> 0.046956072 | ... BN138: =$AJ138 -> 0.046956072
D139: 河北 | E139: =E106*E72 -> 0.00016003063 | F139: =F106*F72 -> 0.00017868672 | G139: =G106*G72 -> 0 | H139: =H106*H72 -> 0.0036666513 | I139: =I106*I72 -> 0.0003792115 | J139: =J106*J72 -> 0.00022029868 | K139: =K106*K72 -> 0.00058808296 | L139: =L106*L72 -> 0.0009497169 | ... AI139: =AI106*AI72 -> 0.0010047378 | AJ139: =SUM(E139:AI139) -> 0.027704739 | AK139: =$AJ139 -> 0.027704739 | AL139: =$AJ139 -> 0.027704739 | AM139: =$AJ139 -> 0.027704739 | AN139: =$AJ139 -> 0.027704739 | AO139: =$AJ139 -> 0.027704739 | AP139: =$AJ139 -> 0.027704739 | AQ139: =$AJ139 -> 0.027704739 | AR139: =$AJ139 -> 0.027704739 | ... BN139: =$AJ139 -> 0.027704739
D140: 山西 | E140: =E107*E73 -> 8.6703646e-05 | F140: =F107*F73 -> 9.7360383e-05 | G140: =G107*G73 -> 0.0035737729 | H140: =H107*H73 -> 0 | I140: =I107*I73 -> 0.00033541513 | J140: =J107*J73 -> 0.00013854224 | K140: =K107*K73 -> 0.00025115973 | L140: =L107*L73 -> 0.00096571616 | ... AI140: =AI107*AI73 -> 0.00041005862 | AJ140: =SUM(E140:AI140) -> 0.029703423 | AK140: =$AJ140 -> 0.029703423 | AL140: =$AJ140 -> 0.029703423 | AM140: =$AJ140 -> 0.029703423 | AN140: =$AJ140 -> 0.029703423 | AO140: =$AJ140 -> 0.029703423 | AP140: =$AJ140 -> 0.029703423 | AQ140: =$AJ140 -> 0.029703423 | AR140: =$AJ140 -> 0.029703423 | ... BN140: =$AJ140 -> 0.029703423
D141: 内蒙古 | E141: =E108*E74 -> 0.000472882 | F141: =F108*F74 -> 0.00054265367 | G141: =G108*G74 -> 0.001444296 | H141: =H108*H74 -> 0.0013106901 | I141: =I108*I74 -> 0 | J141: =J108*J74 -> 0.0020850596 | K141: =K108*K74 -> 0.00057429422 | L141: =L108*L74 -> 0.00035960498 | ... AI141: =AI108*AI74 -> 0.00025091628 | AJ141: =SUM(E141:AI141) -> 0.037413075 | AK141: =$AJ141 -> 0.037413075 | AL141: =$AJ141 -> 0.037413075 | AM141: =$AJ141 -> 0.037413075 | AN141: =$AJ141 -> 0.037413075 | AO141: =$AJ141 -> 0.037413075 | AP141: =$AJ141 -> 0.037413075 | AQ141: =$AJ141 -> 0.037413075 | AR141: =$AJ141 -> 0.037413075 | ... BN141: =$AJ141 -> 0.037413075
D142: 辽宁 | E142: =E109*E75 -> 0.00051317418 | F142: =F109*F75 -> 0.00074036862 | G142: =G109*G75 -> 0.0014829386 | H142: =H109*H75 -> 0.00095683303 | I142: =I109*I75 -> 0.003685149 | J142: =J109*J75 -> 0 | K142: =K109*K75 -> 0.0064192248 | L142: =L109*L75 -> 0.0021714555 | ... AI142: =AI109*AI75 -> 0.00040106038 | AJ142: =SUM(E142:AI142) -> 0.035564938 | AK142: =$AJ142 -> 0.035564938 | AL142: =$AJ142 -> 0.035564938 | AM142: =$AJ142 -> 0.035564938 | AN142: =$AJ142 -> 0.035564938 | AO142: =$AJ142 -> 0.035564938 | AP142: =$AJ142 -> 0.035564938 | AQ142: =$AJ142 -> 0.035564938 | AR142: =$AJ142 -> 0.035564938 | ... BN142: =$AJ142 -> 0.035564938
D143: 吉林 | E143: =E110*E76 -> 0.00015538089 | F143: =F110*F76 -> 0.00020467953 | G143: =G110*G76 -> 0.001945737 | H143: =H110*H76 -> 0.00085258602 | I143: =I110*I76 -> 0.00049889053 | J143: =J110*J76 -> 0.0031551268 | K143: =K110*K76 -> 0 | L143: =L110*L76 -> 0.0060847893 | ... AI143: =AI110*AI76 -> 0.00055555954 | AJ143: =SUM(E143:AI143) -> 0.030495 | AK143: =$AJ143 -> 0.030495 | AL143: =$AJ143 -> 0.030495 | AM143: =$AJ143 -> 0.030495 | AN143: =$AJ143 -> 0.030495 | AO143: =$AJ143 -> 0.030495 | AP143: =$AJ143 -> 0.030495 | AQ143: =$AJ143 -> 0.030495 | AR143: =$AJ143 -> 0.030495 | ... BN143: =$AJ143 -> 0.030495
D144: 黑龙江 | E144: =E111*E77 -> 3.0905675e-05 | F144: =F111*F77 -> 3.9064967e-05 | G144: =G111*G77 -> 0.00083468503 | H144: =H111*H77 -> 0.00087080439 | I144: =I111*I77 -> 8.2981147e-05 | J144: =J111*J77 -> 0.00028350981 | K144: =K111*K77 -> 0.0016163242 | L144: =L111*L77 -> 0 | ... AI144: =AI111*AI77 -> 0.00073785662 | AJ144: =SUM(E144:AI144) -> 0.027147874 | AK144: =$AJ144 -> 0.027147874 | AL144: =$AJ144 -> 0.027147874 | AM144: =$AJ144 -> 0.027147874 | AN144: =$AJ144 -> 0.027147874 | AO144: =$AJ144 -> 0.027147874 | AP144: =$AJ144 -> 0.027147874 | AQ144: =$AJ144 -> 0.027147874 | AR144: =$AJ144 -> 0.027147874 | ... BN144: =$AJ144 -> 0.027147874
D145: 上海 | E145: =E112*E78 -> 0.0084455348 | F145: =F112*F78 -> 0.0022753398 | G145: =G112*G78 -> 0.00055502654 | H145: =H112*H78 -> 0.00048295055 | I145: =I112*I78 -> 0.00054401027 | J145: =J112*J78 -> 0.00058742295 | K145: =K112*K78 -> 0.00041216546 | L145: =L112*L78 -> 0.0003258454 | ... AI145: =AI112*AI78 -> 0.00016666526 | AJ145: =SUM(E145:AI145) -> 0.035591479 | AK145: =$AJ145 -> 0.035591479 | AL145: =$AJ145 -> 0.035591479 | AM145: =$AJ145 -> 0.035591479 | AN145: =$AJ145 -> 0.035591479 | AO145: =$AJ145 -> 0.035591479 | AP145: =$AJ145 -> 0.035591479 | AQ145: =$AJ145 -> 0.035591479 | AR145: =$AJ145 -> 0.035591479 | ... BN145: =$AJ145 -> 0.035591479
D146: 江苏 | E146: =E113*E79 -> 0.00089733388 | F146: =F113*F79 -> 0.0019388787 | G146: =G113*G79 -> 0.00071190027 | H146: =H113*H79 -> 0.00059853746 | I146: =I113*I79 -> 0.00090243662 | J146: =J113*J79 -> 0.00073614499 | K146: =K113*K79 -> 0.0004305261 | L146: =L113*L79 -> 0.00031592571 | ... AI146: =AI113*AI79 -> 0.00017733101 | AJ146: =SUM(E146:AI146) -> 0.041002665 | AK146: =$AJ146 -> 0.041002665 | AL146: =$AJ146 -> 0.041002665 | AM146: =$AJ146 -> 0.041002665 | AN146: =$AJ146 -> 0.041002665 | AO146: =$AJ146 -> 0.041002665 | AP146: =$AJ146 -> 0.041002665 | AQ146: =$AJ146 -> 0.041002665 | AR146: =$AJ146 -> 0.041002665 | ... BN146: =$AJ146 -> 0.041002665
D147: 浙江 | E147: =E114*E80 -> 0.00056784065 | F147: =F114*F80 -> 0.0010411842 | G147: =G114*G80 -> 0.00060257171 | H147: =H114*H80 -> 0.00050818336 | I147: =I114*I80 -> 0.00096896257 | J147: =J114*J80 -> 0.000801235 | K147: =K114*K80 -> 0.00044959974 | L147: =L114*L80 -> 0.0003255618 | ... AI147: =AI114*AI80 -> 0.00018445625 | AJ147: =SUM(E147:AI147) -> 0.041635982 | AK147: =$AJ147 -> 0.041635982 | AL147: =$AJ147 -> 0.041635982 | AM147: =$AJ147 -> 0.041635982 | AN147: =$AJ147 -> 0.041635982 | AO147: =$AJ147 -> 0.041635982 | AP147: =$AJ147 -> 0.041635982 | AQ147: =$AJ147 -> 0.041635982 | AR147: =$AJ147 -> 0.041635982 | ... BN147: =$AJ147 -> 0.041635982
D148: 安徽 | E148: =E115*E81 -> 2.2244353e-05 | F148: =F115*F81 -> 2.9587354e-05 | G148: =G115*G81 -> 0.00040418687 | H148: =H115*H81 -> 0.0024169594 | I148: =I115*I81 -> 5.5603768e-05 | J148: =J115*J81 -> 6.3659198e-05 | K148: =K115*K81 -> 0.00011054894 | L148: =L115*L81 -> 0.00032698665 | ... AI148: =AI115*AI81 -> 0.00013936463 | AJ148: =SUM(E148:AI148) -> 0.028178404 | AK148: =$AJ148 -> 0.028178404 | AL148: =$AJ148 -> 0.028178404 | AM148: =$AJ148 -> 0.028178404 | AN148: =$AJ148 -> 0.028178404 | AO148: =$AJ148 -> 0.028178404 | AP148: =$AJ148 -> 0.028178404 | AQ148: =$AJ148 -> 0.028178404 | AR148: =$AJ148 -> 0.028178404 | ... BN148: =$AJ148 -> 0.028178404
... D167: 新疆 | E167: =E134*E100 -> 4.1299607e-05 | F167: =F134*F100 -> 4.9837857e-05 | G167: =G134*G100 -> 0.002678527 | H167: =H134*H100 -> 0.0011215842 | I167: =I134*I100 -> 0.00017562948 | J167: =J134*J100 -> 0.00015883337 | K167: =K134*K100 -> 0.00044763946 | L167: =L134*L100 -> 0.0022381377 | ... AI167: =AI134*AI100 -> 0 | AJ167: =SUM(E167:AI167) -> 0.033808903 | AK167: =$AJ167 -> 0.033808903 | AL167: =$AJ167 -> 0.033808903 | AM167: =$AJ167 -> 0.033808903 | AN167: =$AJ167 -> 0.033808903 | AO167: =$AJ167 -> 0.033808903 | AP167: =$AJ167 -> 0.033808903 | AQ167: =$AJ167 -> 0.033808903 | AR167: =$AJ167 -> 0.033808903 | ... BN167: =$AJ167 -> 0.033808903
B169: 最终经济空间权重矩阵(行标准化) | E169: 北京 | F169: 天津 | G169: 河北 | H169: 山西 | I169: 内蒙古 | J169: 辽宁 | K169: 吉林 | L169: 黑龙江 | M169: 上海 | N169: 江苏 | O169: 浙江 | P169: 安徽 | Q169: 福建 | R169: 江西 | S169: 山东 | T169: 河南 | U169: 湖北 | V169: 湖南 | W169: 广东 | X169: 广西 | Y169: 海南 | Z169: 重庆 | AA169: 四川 | AB169: 贵州 | AC169: 云南 | AD169: 西藏 | AE169: 陕西 | AF169: 甘肃 | AG169: 青海 | AH169: 宁夏 | AI169: 新疆
B170: JD1 | D170: 北京 | E170: =E137/AJ137 -> 0 | F170: =F137/AK137 -> 0.49812426 | G170: =G137/AL137 -> 0.040899277 | H170: =H137/AM137 -> 0.022734873 | I170: =I137/AN137 -> 0.031731499 | J170: =J137/AO137 -> 0.019483457 | K170: =K137/AP137 -> 0.012002303 | L170: =L137/AQ137 -> 0.0089871564 | ... AE170: =AE137/BJ137 -> 0.011301583 | AF170: =AF137/BJ137 -> 0.0068292572 | AG170: =AG137/BK137 -> 0.0069753737 | AH170: =AH137/BL137 -> 0.010994203 | AI170: =AI137/BM137 -> 0.0039592703
...

Sheet 空间经济地理矩阵（非对称）
A1: 2000-2020年人均GDP差值 | E1: 北京 | F1: 天津 | G1: 河北 | H1: 山西 | I1: 内蒙古 | J1: 辽宁 | K1: 吉林 | L1: 黑龙江 | M1: 上海 | N1: 江苏 | O1: 浙江 | P1: 安徽 | Q1: 福建 | R1: 江西 | S1: 山东 | T1: 河南 | U1: 湖北 | V1: 湖南 | W1: 广东 | X1: 广西 | Y1: 海南 | Z1: 重庆 | AA1: 四川 | AB1: 贵州 | AC1: 云南 | AD1: 西藏 | AE1: 陕西 | AF1: 甘肃 | AG1: 青海 | AH1: 宁夏 | AI1: 新疆
C2: 不对称 | E2: 8.0755955 | F2: 7.0052086 | G2: 2.8453065 | H2: 2.5439215 | I2: 4.2731525 | J2: 3.9071957 | K2: 3.1542437 | L2: 2.6824684 | M2: 8.4268583 | N2: 5.9095777 | O2: 5.4787163 | P2: 2.4864434 | Q2: 4.7187197 | R2: 2.459903 | S2: 4.2175162 | T2: 2.6759095 | U2: 3.3424132 | V2: 2.7958168 | W2: 4.792491 | X2: 2.2252832 | Y2: 2.7189891 | Z2: 3.3299924 | AA2: 2.4972705 | AB2: 1.8439877 | AC2: 2.0072418 | AD2: 2.1829651 | AE2: 3.0830648 | AF2: 1.7444562 | AG2: 2.5986712 | AH2: 2.8062147 | AI2: 2.7600586
A3: 2000-2020 | B3: 8.0755955 | D3: 北京 | E3: =IF($B3=E$2,0,$B3/E$2) -> 0 | F3: =IF($B3=F$2,0,$B3/F$2) -> 1.1527987 | G3: =IF($B3=G$2,0,$B3/G$2) -> 2.8382164 | H3: =IF($B3=H$2,0,$B3/H$2) -> 3.1744672 | I3: =IF($B3=I$2,0,$B3/I$2) -> 1.8898449 | J3: =IF($B3=J$2,0,$B3/J$2) -> 2.0668521 | K3: =IF($B3=K$2,0,$B3/K$2) -> 2.5602319 | L3: =IF($B3=L$2,0,$B3/L$2) -> 3.010509 | ... AI3: =IF($B3=AI$2,0,$B3/AI$2) -> 2.9258783
A4: 2000-2020 | B4: 7.0052086 | D4: 天津 | E4: =IF($B4=E$2,0,$B4/E$2) -> 0.86745412 | F4: =IF($B4=F$2,0,$B4/F$2) -> 0 | G4: =IF($B4=G$2,0,$B4/G$2) -> 2.4620225 | H4: =IF($B4=H$2,0,$B4/H$2) -> 2.7537047 | I4: =IF($B4=I$2,0,$B4/I$2) -> 1.6393537 | J4: =IF($B4=J$2,0,$B4/J$2) -> 1.7928993 | K4: =IF($B4=K$2,0,$B4/K$2) -> 2.2208837 | L4: =IF($B4=L$2,0,$B4/L$2) -> 2.6114785 | ... AI4: =IF($B4=AI$2,0,$B4/AI$2) -> 2.5380652
A5: 2000-2020 | B5: 2.8453065 | D5: 河北 | E5: =IF($B5=E$2,0,$B5/E$2) -> 0.35233396 | F5: =IF($B5=F$2,0,$B5/F$2) -> 0.40617013 | G5: =IF($B5=G$2,0,$B5/G$2) -> 0 | H5: =IF($B5=H$2,0,$B5/H$2) -> 1.1184726 | I5: =IF($B5=I$2,0,$B5/I$2) -> 0.66585653 | J5: =IF($B5=J$2,0,$B5/J$2) -> 0.72822217 | K5: =IF($B5=K$2,0,$B5/K$2) -> 0.90205665 | L5: =IF($B5=L$2,0,$B5/L$2) -> 1.0607046 | ... AI5: =IF($B5=AI$2,0,$B5/AI$2) -> 1.0308863
A6: 2000-2020 | B6: 2.5439215 | D6: 山西 | E6: =IF($B6=E$2,0,$B6/E$2) -> 0.31501349 | F6: =IF($B6=F$2,0,$B6/F$2) -> 0.36314715 | G6: =IF($B6=G$2,0,$B6/G$2) -> 0.89407643 | H6: =IF($B6=H$2,0,$B6/H$2) -> 0 | I6: =IF($B6=I$2,0,$B6/I$2) -> 0.59532663 | J6: =IF($B6=J$2,0,$B6/J$2) -> 0.65108628 | K6: =IF($B6=K$2,0,$B6/K$2) -> 0.80650759 | L6: =IF($B6=L$2,0,$B6/L$2) -> 0.94835096 | ... AI6: =IF($B6=AI$2,0,$B6/AI$2) -> 0.92169112
A7: 2000-2020 | B7: 4.2731525 | D7: 内蒙古 | E7: =IF($B7=E$2,0,$B7/E$2) -> 0.52914395 | F7: =IF($B7=F$2,0,$B7/F$2) -> 0.60999647 | G7: =IF($B7=G$2,0,$B7/G$2) -> 1.501825 | H7: =IF($B7=H$2,0,$B7/H$2) -> 1.6797501 | I7: =IF($B7=I$2,0,$B7/I$2) -> 0 | J7: =IF($B7=J$2,0,$B7/J$2) -> 1.0936623 | K7: =IF($B7=K$2,0,$B7/K$2) -> 1.3547312 | L7: =IF($B7=L$2,0,$B7/L$2) -> 1.5929927 | ... AI7: =IF($B7=AI$2,0,$B7/AI$2) -> 1.5482108
A8: 2000-2020 | B8: 3.9071957 | D8: 辽宁 | E8: =IF($B8=E$2,0,$B8/E$2) -> 0.48382756 | F8: =IF($B8=F$2,0,$B8/F$2) -> 0.5577558 | G8: =IF($B8=G$2,0,$B8/G$2) -> 1.3732073 | H8: =IF($B8=H$2,0,$B8/H$2) -> 1.5358948 | I8: =IF($B8=I$2,0,$B8/I$2) -> 0.91435905 | J8: =IF($B8=J$2,0,$B8/J$2) -> 0 | K8: =IF($B8=K$2,0,$B8/K$2) -> 1.2387108 | L8: =IF($B8=L$2,0,$B8/L$2) -> 1.4565673 | ... AI8: =IF($B8=AI$2,0,$B8/AI$2) -> 1.4156205
A9: 2000-2020 | B9: 3.1542437 | D9: 吉林 | E9: =IF($B9=E$2,0,$B9/E$2) -> 0.39058961 | F9: =IF($B9=F$2,0,$B9/F$2) -> 0.4502712 | G9: =IF($B9=G$2,0,$B9/G$2) -> 1.1085778 | H9: =IF($B9=H$2,0,$B9/H$2) -> 1.2399139 | I9: =IF($B9=I$2,0,$B9/I$2) -> 0.73815379 | J9: =IF($B9=J$2,0,$B9/J$2) -> 0.80729095 | K9: =IF($B9=K$2,0,$B9/K$2) -> 0 | L9: =IF($B9=L$2,0,$B9/L$2) -> 1.1758736 | ... AI9: =IF($B9=AI$2,0,$B9/AI$2) -> 1.1428177
A10: 2000-2020 | B10: 2.6824684 | D10: 黑龙江 | E10: =IF($B10=E$2,0,$B10/E$2) -> 0.33216974 | F10: =IF($B10=F$2,0,$B10/F$2) -> 0.38292485 | G10: =IF($B10=G$2,0,$B10/G$2) -> 0.94276958 | H10: =IF($B10=H$2,0,$B10/H$2) -> 1.054462 | I10: =IF($B10=I$2,0,$B10/I$2) -> 0.62774928 | J10: =IF($B10=J$2,0,$B10/J$2) -> 0.68654571 | K10: =IF($B10=K$2,0,$B10/K$2) -> 0.85043157 | L10: =IF($B10=L$2,0,$B10/L$2) -> 0 | ... AI10: =IF($B10=AI$2,0,$B10/AI$2) -> 0.97188821
A11: 2000-2020 | B11: 8.4268583 | D11: 上海 | E11: =IF($B11=E$2,0,$B11/E$2) -> 1.0434968 | F11: =IF($B11=F$2,0,$B11/F$2) -> 1.2029418 | G11: =IF($B11=G$2,0,$B11/G$2) -> 2.9616698 | H11: =IF($B11=H$2,0,$B11/H$2) -> 3.3125465 | I11: =IF($B11=I$2,0,$B11/I$2) -> 1.9720472 | J11: =IF($B11=J$2,0,$B11/J$2) -> 2.1567536 | K11: =IF($B11=K$2,0,$B11/K$2) -> 2.6715939 | L11: =IF($B11=L$2,0,$B11/L$2) -> 3.1414566 | ... AI11: =IF($B11=AI$2,0,$B11/AI$2) -> 3.0531447
A12: 2000-2020 | B12: 5.9095777 | D12: 江苏 | E12: =IF($B12=E$2,0,$B12/E$2) -> 0.73178229 | F12: =IF($B12=F$2,0,$B12/F$2) -> 0.84359768 | G12: =IF($B12=G$2,0,$B12/G$2) -> 2.0769565 | H12: =IF($B12=H$2,0,$B12/H$2) -> 2.3230189 | I12: =IF($B12=I$2,0,$B12/I$2) -> 1.382955 | J12: =IF($B12=J$2,0,$B12/J$2) -> 1.5124857 | K12: =IF($B12=K$2,0,$B12/K$2) -> 1.8735324 | L12: =IF($B12=L$2,0,$B12/L$2) -> 2.2030372 | ... AI12: =IF($B12=AI$2,0,$B12/AI$2) -> 2.1411059
A13: 2000-2020 | B13: 5.4787163 | D13: 浙江 | E13: =IF($B13=E$2,0,$B13/E$2) -> 0.67842877 | F13: =IF($B13=F$2,0,$B13/F$2) -> 0.78209182 | G13: =IF($B13=G$2,0,$B13/G$2) -> 1.9255276 | H13: =IF($B13=H$2,0,$B13/H$2) -> 2.1536499 | I13: =IF($B13=I$2,0,$B13/I$2) -> 1.2821252 | J13: =IF($B13=J$2,0,$B13/J$2) -> 1.4022119 | K13: =IF($B13=K$2,0,$B13/K$2) -> 1.736935 | L13: =IF($B13=L$2,0,$B13/L$2) -> 2.042416 | ... AI13: =IF($B13=AI$2,0,$B13/AI$2) -> 1.985
A14: 2000-2020 | B14: 2.4864434 | D14: 安徽 | E14: =IF($B14=E$2,0,$B14/E$2) -> 0.30789599 | F14: =IF($B14=F$2,0,$B14/F$2) -> 0.3549421 | G14: =IF($B14=G$2,0,$B14/G$2) -> 0.87387543 | H14: =IF($B14=H$2,0,$B14/H$2) -> 0.97740573 | I14: =IF($B14=I$2,0,$B14/I$2) -> 0.58187566 | J14: =IF($B14=J$2,0,$B14/J$2) -> 0.63637546 | K14: =IF($B14=K$2,0,$B14/K$2) -> 0.78828514 | L14: =IF($B14=L$2,0,$B14/L$2) -> 0.92692365 | ... AI14: =IF($B14=AI$2,0,$B14/AI$2) -> 0.90086617
... A33: 2000-2020 | B33: 2.7600586 | D33: 新疆 | E33: =IF($B33=E$2,0,$B33/E$2) -> 0.34177772 | F33: =IF($B33=F$2,0,$B33/F$2) -> 0.39400092 | G33: =IF($B33=G$2,0,$B33/G$2) -> 0.97003912 | H33: =IF($B33=H$2,0,$B33/H$2) -> 1.0849622 | I33: =IF($B33=I$2,0,$B33/I$2) -> 0.64590688 | J33: =IF($B33=J$2,0,$B33/J$2) -> 0.70640399 | K33: =IF($B33=K$2,0,$B33/K$2) -> 0.87503023 | L33: =IF($B33=L$2,0,$B33/L$2) -> 1.0289249 | ... AI33: =IF($B33=AI$2,0,$B33/AI$2) -> 0
B35: 1/绝对值 | E35: 北京 | F35: 天津 | G35: 河北 | H35: 山西 | I35: 内蒙古 | J35: 辽宁 | K35: 吉林 | L35: 黑龙江 | M35: 上海 | N35: 江苏 | O35: 浙江 | P35: 安徽 | Q35: 福建 | R35: 江西 | S35: 山东 | T35: 河南 | U35: 湖北 | V35: 湖南 | W35: 广东 | X35: 广西 | Y35: 海南 | Z35: 重庆 | AA35: 四川 | AB35: 贵州 | AC35: 云南 | AD35: 西藏 | AE35: 陕西 | AF35: 甘肃 | AG35: 青海 | AH35: 宁夏 | AI35: 新疆 | AJ35: 1 | AK35: 2 | AL35: 3 | AM35: 4 | AN35: 5 | AO35: 6 | AP35: 7 | AQ35: 8 | AR35: 9 | AS35: 10 | AT35: 11 | AU35: 12 | AV35: 13 | AW35: 14 | AX35: 15 | AY35: 16 | AZ35: 17 | BA35: 18 | BB35: 19 | BC35: 20 | BD35: 21 | BE35: 22 | BF35: 23 | BG35: 24 | BH35: 25 | BI35: 26 | BJ35: 27 | BK35: 28 | BL35: 29 | BM35: 30 | BN35: 31
B36: 不对称 | D36: 北京 | E36: 0 | F36: =1/ABS(F3) -> 0.86745412 | G36: =1/ABS(G3) -> 0.35233396 | H36: =1/ABS(H3) -> 0.31501349 | I36: =1/ABS(I3) -> 0.52914395 | J36: =1/ABS(J3) -> 0.48382756 | K36: =1/ABS(K3) -> 0.39058961 | L36: =1/ABS(L3) -> 0.33216974 | M36: =1/ABS(M3) -> 1.0434968 | ... AI36: =1/ABS(AI3) -> 0.34177772 | AJ36: =SUM(E36:AI36) -> 12.818133 | AK36: =$AJ36 -> 12.818133 | AL36: =$AJ36 -> 12.818133 | AM36: =$AJ36 -> 12.818133 | AN36: =$AJ36 -> 12.818133 | AO36: =$AJ36 -> 12.818133 | AP36: =$AJ36 -> 12.818133 | AQ36: =$AJ36 -> 12.818133 | AR36: =$AJ36 -> 12.818133 | ... BN36: =$AJ36 -> 12.818133
D37: 天津 | E37: =1/ABS(E4) -> 1.1527987 | F37: 0 | G37: =1/ABS(G4) -> 0.40617013 | H37: =1/ABS(H4) -> 0.36314715 | I37: =1/ABS(I4) -> 0.60999647 | J37: =1/ABS(J4) -> 0.5577558 | K37: =1/ABS(K4) -> 0.4502712 | L37: =1/ABS(L4) -> 0.38292485 | M37: =1/ABS(M4) -> 1.2029418 | N37: =1/ABS(N4) -> 0.84359768 | ... AI37: =1/ABS(AI4) -> 0.39400092 | AJ37: =SUM(E37:AI37) -> 14.929526 | AK37: =$AJ37 -> 14.929526 | AL37: =$AJ37 -> 14.929526 | AM37: =$AJ37 -> 14.929526 | AN37: =$AJ37 -> 14.929526 | AO37: =$AJ37 -> 14.929526 | AP37: =$AJ37 -> 14.929526 | AQ37: =$AJ37 -> 14.929526 | AR37: =$AJ37 -> 14.929526 | ... BN37: =$AJ37 -> 14.929526
D38: 河北 | E38: =1/ABS(E5) -> 2.8382164 | F38: =1/ABS(F5) -> 2.4620225 | G38: 0 | H38: =1/ABS(H5) -> 0.89407643 | I38: =1/ABS(I5) -> 1.501825 | J38: =1/ABS(J5) -> 1.3732073 | K38: =1/ABS(K5) -> 1.1085778 | L38: =1/ABS(L5) -> 0.94276958 | M38: =1/ABS(M5) -> 2.9616698 | N38: =1/ABS(N5) -> 2.0769565 | O38: =1/ABS(O5) -> 1.9255276 | ... AI38: =1/ABS(AI5) -> 0.97003912 | AJ38: =SUM(E38:AI38) -> 38.218851 | AK38: =$AJ38 -> 38.218851 | AL38: =$AJ38 -> 38.218851 | AM38: =$AJ38 -> 38.218851 | AN38: =$AJ38 -> 38.218851 | AO38: =$AJ38 -> 38.218851 | AP38: =$AJ38 -> 38.218851 | AQ38: =$AJ38 -> 38.218851 | AR38: =$AJ38 -> 38.218851 | ... BN38: =$AJ38 -> 38.218851
D39: 山西 | E39: =1/ABS(E6) -> 3.1744672 | F39: =1/ABS(F6) -> 2.7537047 | G39: =1/ABS(G6) -> 1.1184726 | H39: 0 | I39: =1/ABS(I6) -> 1.6797501 | J39: =1/ABS(J6) -> 1.5358948 | K39: =1/ABS(K6) -> 1.2399139 | L39: =1/ABS(L6) -> 1.054462 | M39: =1/ABS(M6) -> 3.3125465 | N39: =1/ABS(N6) -> 2.3230189 | O39: =1/ABS(O6) -> 2.1536499 | P39: =1/ABS(P6) -> 0.97740573 | ... AI39: =1/ABS(AI6) -> 1.0849622 | AJ39: =SUM(E39:AI39) -> 42.865211 | AK39: =$AJ39 -> 42.865211 | AL39: =$AJ39 -> 42.865211 | AM39: =$AJ39 -> 42.865211 | AN39: =$AJ39 -> 42.865211 | AO39: =$AJ39 -> 42.865211 | AP39: =$AJ39 -> 42.865211 | AQ39: =$AJ39 -> 42.865211 | AR39: =$AJ39 -> 42.865211 | ... BN39: =$AJ39 -> 42.865211
D40: 内蒙古 | E40: =1/ABS(E7) -> 1.8898449 | F40: =1/ABS(F7) -> 1.6393537 | G40: =1/ABS(G7) -> 0.66585653 | H40: =1/ABS(H7) -> 0.59532663 | I40: 0 | J40: =1/ABS(J7) -> 0.91435905 | K40: =1/ABS(K7) -> 0.73815379 | L40: =1/ABS(L7) -> 0.62774928 | M40: =1/ABS(M7) -> 1.9720472 | N40: =1/ABS(N7) -> 1.382955 | O40: =1/ABS(O7) -> 1.2821252 | P40: =1/ABS(P7) -> 0.58187566 | Q40: =1/ABS(Q7) -> 1.1042713 | ... AI40: =1/ABS(AI7) -> 0.64590688 | AJ40: =SUM(E40:AI40) -> 25.114128 | AK40: =$AJ40 -> 25.114128 | AL40: =$AJ40 -> 25.114128 | AM40: =$AJ40 -> 25.114128 | AN40: =$AJ40 -> 25.114128 | AO40: =$AJ40 -> 25.114128 | AP40: =$AJ40 -> 25.114128 | AQ40: =$AJ40 -> 25.114128 | AR40: =$AJ40 -> 25.114128 | ... BN40: =$AJ40 -> 25.114128
D41: 辽宁 | E41: =1/ABS(E8) -> 2.0668521 | F41: =1/ABS(F8) -> 1.7928993 | G41: =1/ABS(G8) -> 0.72822217 | H41: =1/ABS(H8) -> 0.65108628 | I41: =1/ABS(I8) -> 1.0936623 | J41: 0 | K41: =1/ABS(K8) -> 0.80729095 | L41: =1/ABS(L8) -> 0.68654571 | M41: =1/ABS(M8) -> 2.1567536 | N41: =1/ABS(N8) -> 1.5124857 | O41: =1/ABS(O8) -> 1.4022119 | P41: =1/ABS(P8) -> 0.63637546 | Q41: =1/ABS(Q8) -> 1.2076999 | R41: =1/ABS(R8) -> 0.62958275 | ... AI41: =1/ABS(AI8) -> 0.70640399 | AJ41: =SUM(E41:AI41) -> 27.560037 | AK41: =$AJ41 -> 27.560037 | AL41: =$AJ41 -> 27.560037 | AM41: =$AJ41 -> 27.560037 | AN41: =$AJ41 -> 27.560037 | AO41: =$AJ41 -> 27.560037 | AP41: =$AJ41 -> 27.560037 | AQ41: =$AJ41 -> 27.560037 | AR41: =$AJ41 -> 27.560037 | ... BN41: =$AJ41 -> 27.560037
D42: 吉林 | E42: =1/ABS(E9) -> 2.5602319 | F42: =1/ABS(F9) -> 2.2208837 | G42: =1/ABS(G9) -> 0.90205665 | H42: =1/ABS(H9) -> 0.80650759 | I42: =1/ABS(I9) -> 1.3547312 | J42: =1/ABS(J9) -> 1.2387108 | K42: 0 | L42: =1/ABS(L9) -> 0.85043157 | M42: =1/ABS(M9) -> 2.6715939 | N42: =1/ABS(N9) -> 1.8735324 | O42: =1/ABS(O9) -> 1.736935 | P42: =1/ABS(P9) -> 0.78828514 | Q42: =1/ABS(Q9) -> 1.4959908 | R42: =1/ABS(R9) -> 0.77987094 | S42: =1/ABS(S9) -> 1.3370927 | ... AI42: =1/ABS(AI9) -> 0.87503023 | AJ42: =SUM(E42:AI42) -> 34.377626 | AK42: =$AJ42 -> 34.377626 | AL42: =$AJ42 -> 34.377626 | AM42: =$AJ42 -> 34.377626 | AN42: =$AJ42 -> 34.377626 | AO42: =$AJ42 -> 34.377626 | AP42: =$AJ42 -> 34.377626 | AQ42: =$AJ42 -> 34.377626 | AR42: =$AJ42 -> 34.377626 | ... BN42: =$AJ42 -> 34.377626
D43: 黑龙江 | E43: =1/ABS(E10) -> 3.010509 | F43: =1/ABS(F10) -> 2.6114785 | G43: =1/ABS(G10) -> 1.0607046 | H43: =1/ABS(H10) -> 0.94835096 | I43: =1/ABS(I10) -> 1.5929927 | J43: =1/ABS(J10) -> 1.4565673 | K43: =1/ABS(K10) -> 1.1758736 | L43: 0 | M43: =1/ABS(M10) -> 3.1414566 | N43: =1/ABS(N10) -> 2.2030372 | O43: =1/ABS(O10) -> 2.042416 | P43: =1/ABS(P10) -> 0.92692365 | Q43: =1/ABS(Q10) -> 1.7590961 | R43: =1/ABS(R10) -> 0.91702963 | S43: =1/ABS(S10) -> 1.5722519 | T43: =1/ABS(T10) -> 0.99755489 | ... AI43: =1/ABS(AI10) -> 1.0289249 | AJ43: =SUM(E43:AI43) -> 40.599615 | AK43: =$AJ43 -> 40.599615 | AL43: =$AJ43 -> 40.599615 | AM43: =$AJ43 -> 40.599615 | AN43: =$AJ43 -> 40.599615 | AO43: =$AJ43 -> 40.599615 | AP43: =$AJ43 -> 40.599615 | AQ43: =$AJ43 -> 40.599615 | AR43: =$AJ43 -> 40.599615 | ... BN43: =$AJ43 -> 40.599615
D44: 上海 | E44: =1/ABS(E11) -> 0.95831628 | F44: =1/ABS(F11) -> 0.83129541 | G44: =1/ABS(G11) -> 0.33764737 | H44: =1/ABS(H11) -> 0.30188255 | I44: =1/ABS(I11) -> 0.50708726 | J44: =1/ABS(J11) -> 0.46365983 | K44: =1/ABS(K11) -> 0.37430838 | L44: =1/ABS(L11) -> 0.31832367 | M44: 0 | N44: =1/ABS(N11) -> 0.70127888 | O44: =1/ABS(O11) -> 0.65014934 | P44: =1/ABS(P11) -> 0.29506174 | Q44: =1/ABS(Q11) -> 0.55996191 | R44: =1/ABS(R11) -> 0.29191223 | S44: =1/ABS(S11) -> 0.500485 | T44: =1/ABS(T11) -> 0.31754533 | U44: =1/ABS(U11) -> 0.39663812 | ... AI44: =1/ABS(AI11) -> 0.32753115 | AJ44: =SUM(E44:AI44) -> 12.242142 | AK44: =$AJ44 -> 12.242142 | AL44: =$AJ44 -> 12.242142 | AM44: =$AJ44 -> 12.242142 | AN44: =$AJ44 -> 12.242142 | AO44: =$AJ44 -> 12.242142 | AP44: =$AJ44 -> 12.242142 | AQ44: =$AJ44 -> 12.242142 | AR44: =$AJ44 -> 12.242142 | ... BN44: =$AJ44 -> 12.242142
D45: 江苏 | E45: =1/ABS(E12) -> 1.3665267 | F45: =1/ABS(F12) -> 1.1853992 | G45: =1/ABS(G12) -> 0.48147374 | H45: =1/ABS(H12) -> 0.43047433 | I45: =1/ABS(I12) -> 0.72308931 | J45: =1/ABS(J12) -> 0.66116326 | K45: =1/ABS(K12) -> 0.53375112 | L45: =1/ABS(L12) -> 0.4539188 | M45: =1/ABS(M12) -> 1.4259662 | N45: 0 | O45: =1/ABS(O12) -> 0.927091 | P45: =1/ABS(P12) -> 0.42074807 | Q45: =1/ABS(Q12) -> 0.79848678 | R45: =1/ABS(R12) -> 0.41625699 | S45: =1/ABS(S12) -> 0.71367471 | T45: =1/ABS(T12) -> 0.45280892 | U45: =1/ABS(U12) -> 0.56559257 | V45: =1/ABS(V12) -> 0.47309925 | ... AI45: =1/ABS(AI12) -> 0.46704836 | AJ45: =SUM(E45:AI45) -> 17.882847 | AK45: =$AJ45 -> 17.882847 | AL45: =$AJ45 -> 17.882847 | AM45: =$AJ45 -> 17.882847 | AN45: =$AJ45 -> 17.882847 | AO45: =$AJ45 -> 17.882847 | AP45: =$AJ45 -> 17.882847 | AQ45: =$AJ45 -> 17.882847 | AR45: =$AJ45 -> 17.882847 | ... BN45: =$AJ45 -> 17.882847
D46: 浙江 | E46: =1/ABS(E13) -> 1.4739941 | F46: =1/ABS(F13) -> 1.2786222 | G46: =1/ABS(G13) -> 0.51933817 | H46: =1/ABS(H13) -> 0.46432802 | I46: =1/ABS(I13) -> 0.77995506 | J46: =1/ABS(J13) -> 0.71315897 | K46: =1/ABS(K13) -> 0.57572678 | L46: =1/ABS(L13) -> 0.48961623 | ... N46: =1/ABS(N13) -> 1.0786428 | O46: 0 | P46: =1/ABS(P13) -> 0.45383687 | Q46: =1/ABS(Q13) -> 0.86128199 | R46: =1/ABS(R13) -> 0.44899259 | S46: =1/ABS(S13) -> 0.76980007 | T46: =1/ABS(T13) -> 0.48841906 | U46: =1/ABS(U13) -> 0.61007233 | V46: =1/ABS(V13) -> 0.51030509 | W46: =1/ABS(W13) -> 0.87474707 | ... AI46: =1/ABS(AI13) -> 0.50377834 | AJ46: =SUM(E46:AI46) -> 19.367846 | AK46: =$AJ46 -> 19.367846 | AL46: =$AJ46 -> 19.367846 | AM46: =$AJ46 -> 19.367846 | AN46: =$AJ46 -> 19.367846 | AO46: =$AJ46 -> 19.367846 | AP46: =$AJ46 -> 19.367846 | AQ46: =$AJ46 -> 19.367846 | AR46: =$AJ46 -> 19.367846 | ... BN46: =$AJ46 -> 19.367846
D47: 安徽 | E47: =1/ABS(E14) -> 3.2478501 | F47: =1/ABS(F14) -> 2.8173609 | G47: =1/ABS(G14) -> 1.1443279 | H47: =1/ABS(H14) -> 1.0231166 | I47: =1/ABS(I14) -> 1.7185802 | J47: =1/ABS(J14) -> 1.5713994 | K47: =1/ABS(K14) -> 1.2685765 | L47: =1/ABS(L14) -> 1.0788375 | ... O47: =1/ABS(O14) -> 2.2034349 | P47: 0 | Q47: =1/ABS(Q14) -> 1.8977788 | R47: =1/ABS(R14) -> 0.98932595 | S47: =1/ABS(S14) -> 1.6962044 | T47: =1/ABS(T14) -> 1.0761996 | U47: =1/ABS(U14) -> 1.3442547 | V47: =1/ABS(V14) -> 1.1244241 | W47: =1/ABS(W14) -> 1.9274482 | X47: =1/ABS(X14) -> 0.89496635 | ... AI47: =1/ABS(AI14) -> 1.1100428 | AJ47: =SUM(E47:AI47) -> 43.879224 | AK47: =$AJ47 -> 43.879224 | AL47: =$AJ47 -> 43.879224 | AM47: =$AJ47 -> 43.879224 | AN47: =$AJ47 -> 43.879224 | AO47: =$AJ47 -> 43.879224 | AP47: =$AJ47 -> 43.879224 | AQ47: =$AJ47 -> 43.879224 | AR47: =$AJ47 -> 43.879224 | ... BN47: =$AJ47 -> 43.879224
D48: 福建 | E48: =1/ABS(E15) -> 1.7113955 | F48: =1/ABS(F15) -> 1.4845571 | G48: =1/ABS(G15) -> 0.60298274 | H48: =1/ABS(H15) -> 0.53911266 | I48: =1/ABS(I15) -> 0.90557456 | J48: =1/ABS(J15) -> 0.8280203 | K48: =1/ABS(K15) -> 0.66845329 | L48: =1/ABS(L15) -> 0.56847378 | ... P48: =1/ABS(P15) -> 0.5269318 | Q48: 0 | R48: =1/ABS(R15) -> 0.5213073 | S48: =1/ABS(S15) -> 0.89378401 | T48: =1/ABS(T15) -> 0.5670838 | U48: =1/ABS(U15) -> 0.70833054 | V48: =1/ABS(V15) -> 0.59249479 | W48: =1/ABS(W15) -> 1.0156338 | X48: =1/ABS(X15) -> 0.47158622 | Y48: =1/ABS(Y15) -> 0.57621331 | ... AI48: =1/ABS(AI15) -> 0.58491684 | AJ48: =SUM(E48:AI48) -> 22.64829 | AK48: =$AJ48 -> 22.64829 | AL48: =$AJ48 -> 22.64829 | AM48: =$AJ48 -> 22.64829 | AN48: =$AJ48 -> 22.64829 | AO48: =$AJ48 -> 22.64829 | AP48: =$AJ48 -> 22.64829 | AQ48: =$AJ48 -> 22.64829 | AR48: =$AJ48 -> 22.64829 | ... BN48: =$AJ48 -> 22.64829
D49: 江西 | E49: =1/ABS(E16) -> 3.2828918 | F49: =1/ABS(F16) -> 2.847758 | G49: =1/ABS(G16) -> 1.1566743 | H49: =1/ABS(H16) -> 1.0341552 | I49: =1/ABS(I16) -> 1.7371223 | J49: =1/ABS(J16) -> 1.5883535 | K49: =1/ABS(K16) -> 1.2822634 | L49: =1/ABS(L16) -> 1.0904773 | ... Q49: =1/ABS(Q16) -> 1.9182544 | R49: 0 | S49: =1/ABS(S16) -> 1.7145051 | T49: =1/ABS(T16) -> 1.087811 | U49: =1/ABS(U16) -> 1.3587581 | V49: =1/ABS(V16) -> 1.1365557 | W49: =1/ABS(W16) -> 1.9482439 | X49: =1/ABS(X16) -> 0.90462233 | Y49: =1/ABS(Y16) -> 1.1053237 | Z49: =1/ABS(Z16) -> 1.3537088 | ... AI49: =1/ABS(AI16) -> 1.1220193 | AJ49: =SUM(E49:AI49) -> 44.363436 | AK49: =$AJ49 -> 44.363436 | AL49: =$AJ49 -> 44.363436 | AM49: =$AJ49 -> 44.363436 | AN49: =$AJ49 -> 44.363436 | AO49: =$AJ49 -> 44.363436 | AP49: =$AJ49 -> 44.363436 | AQ49: =$AJ49 -> 44.363436 | AR49: =$AJ49 -> 44.363436 | ... BN49: =$AJ49 -> 44.363436
D50: 山东 | E50: =1/ABS(E17) -> 1.9147752 | F50: =1/ABS(F17) -> 1.6609797 | G50: =1/ABS(G17) -> 0.67464033 | H50: =1/ABS(H17) -> 0.60318002 | I50: =1/ABS(I17) -> 1.0131917 | J50: =1/ABS(J17) -> 0.92642103 | K50: =1/ABS(K17) -> 0.74789131 | L50: =1/ABS(L17) -> 0.63603038 | ... R50: =1/ABS(R17) -> 0.5832587 | S50: 0 | T50: =1/ABS(T17) -> 0.63447521 | U50: =1/ABS(U17) -> 0.79250751 | V50: =1/ABS(V17) -> 0.66290601 | W50: =1/ABS(W17) -> 1.1363302 | X50: =1/ABS(X17) -> 0.52762885 | Y50: =1/ABS(Y17) -> 0.64468966 | Z50: =1/ABS(Z17) -> 0.78956244 | AA50: =1/ABS(AA17) -> 0.59211876 | ... AI50: =1/ABS(AI17) -> 0.65442751 | AJ50: =SUM(E50:AI50) -> 25.458619 | AK50: =$AJ50 -> 25.458619 | AL50: =$AJ50 -> 25.458619 | AM50: =$AJ50 -> 25.458619 | AN50: =$AJ50 -> 25.458619 | AO50: =$AJ50 -> 25.458619 | AP50: =$AJ50 -> 25.458619 | AQ50: =$AJ50 -> 25.458619 | AR50: =$AJ50 -> 25.458619 | ... BN50: =$AJ50 -> 25.458619
D51: 河南 | E51: =1/ABS(E18) -> 3.0178881 | F51: =1/ABS(F18) -> 2.6178795 | G51: =1/ABS(G18) -> 1.0633045 | H51: =1/ABS(H18) -> 0.95067547 | I51: =1/ABS(I18) -> 1.5968973 | J51: =1/ABS(J18) -> 1.4601375 | K51: =1/ABS(K18) -> 1.1787558 | L51: =1/ABS(L18) -> 1.0024511 | ... S51: =1/ABS(S18) -> 1.5761057 | T51: 0 | U51: =1/ABS(U18) -> 1.2490756 | V51: =1/ABS(V18) -> 1.0448099 | W51: =1/ABS(W18) -> 1.7909765 | X51: =1/ABS(X18) -> 0.83159883 | Y51: =1/ABS(Y18) -> 1.0160991 | Z51: =1/ABS(Z18) -> 1.2444339 | AA51: =1/ABS(AA18) -> 0.93324175 | AB51: =1/ABS(AB18) -> 0.68910689 | ... AI51: =1/ABS(AI18) -> 1.0314469 | AJ51: =SUM(E51:AI51) -> 40.70158 | AK51: =$AJ51 -> 40.70158 | AL51: =$AJ51 -> 40.70158 | AM51: =$AJ51 -> 40.70158 | AN51: =$AJ51 -> 40.70158 | AO51: =$AJ51 -> 40.70158 | AP51: =$AJ51 -> 40.70158 | AQ51: =$AJ51 -> 40.70158 | AR51: =$AJ51 -> 40.70158 | ... BN51: =$AJ51 -> 40.70158
D52: 湖北 | E52: =1/ABS(E19) -> 2.4160973 | F52: =1/ABS(F19) -> 2.0958535 | G52: =1/ABS(G19) -> 0.85127311 | H52: =1/ABS(H19) -> 0.76110323 | I52: =1/ABS(I19) -> 1.2784633 | J52: =1/ABS(J19) -> 1.1689745 | K52: =1/ABS(K19) -> 0.94370249 | L52: =1/ABS(L19) -> 0.80255439 | ... T52: =1/ABS(T19) -> 0.80059206 | U52: 0 | V52: =1/ABS(V19) -> 0.83646654 | W52: =1/ABS(W19) -> 1.4338416 | X52: =1/ABS(X19) -> 0.66577142 | Y52: =1/ABS(Y19) -> 0.81348083 | Z52: =1/ABS(Z19) -> 0.99628386 | AA52: =1/ABS(AA19) -> 0.74714593 | AB52: =1/ABS(AB19) -> 0.55169351 | AC52: =1/ABS(AC19) -> 0.60053668 | ... AI52: =1/ABS(AI19) -> 0.82576821 | AJ52: =SUM(E52:AI52) -> 32.385953 | AK52: =$AJ52 -> 32.385953 | AL52: =$AJ52 -> 32.385953 | AM52: =$AJ52 -> 32.385953 | AN52: =$AJ52 -> 32.385953 | AO52: =$AJ52 -> 32.385953 | AP52: =$AJ52 -> 32.385953 | AQ52: =$AJ52 -> 32.385953 | AR52: =$AJ52 -> 32.385953 | ... BN52: =$AJ52 -> 32.385953
D53: 湖南 | E53: =1/ABS(E20) -> 2.8884566 | F53: =1/ABS(F20) -> 2.5056036 | G53: =1/ABS(G20) -> 1.0177013 | H53: =1/ABS(H20) -> 0.90990278 | I53: =1/ABS(I20) -> 1.5284093 | J53: =1/ABS(J20) -> 1.3975149 | K53: =1/ABS(K20) -> 1.1282011 | L53: =1/ABS(L20) -> 0.95945786 | ... U53: =1/ABS(U20) -> 1.1955051 | V53: 0 | W53: =1/ABS(W20) -> 1.7141649 | X53: =1/ABS(X20) -> 0.79593312 | Y53: =1/ABS(Y20) -> 0.97252047 | Z53: =1/ABS(Z20) -> 1.1910624 | AA53: =1/ABS(AA20) -> 0.89321676 | AB53: =1/ABS(AB20) -> 0.65955239 | AC53: =1/ABS(AC20) -> 0.71794466 | AD53: =1/ABS(AD20) -> 0.78079691 | ... AI53: =1/ABS(AI20) -> 0.9872101 | AJ53: =SUM(E53:AI53) -> 38.913077 | AK53: =$AJ53 -> 38.913077 | AL53: =$AJ53 -> 38.913077 | AM53: =$AJ53 -> 38.913077 | AN53: =$AJ53 -> 38.913077 | AO53: =$AJ53 -> 38.913077 | AP53: =$AJ53 -> 38.913077 | AQ53: =$AJ53 -> 38.913077 | AR53: =$AJ53 -> 38.913077 | ... BN53: =$AJ53 -> 38.913077
D54: 广东 | E54: =1/ABS(E21) -> 1.6850518 | F54: =1/ABS(F21) -> 1.4617051 | G54: =1/ABS(G21) -> 0.59370096 | H54: =1/ABS(H21) -> 0.53081404 | I54: =1/ABS(I21) -> 0.89163495 | J54: =1/ABS(J21) -> 0.81527449 | K54: =1/ABS(K21) -> 0.65816372 | L54: =1/ABS(L21) -> 0.5597232 | ... V54: =1/ABS(V21) -> 0.58337445 | W54: 0 | X54: =1/ABS(X21) -> 0.46432705 | Y54: =1/ABS(Y21) -> 0.5673436 | Z54: =1/ABS(Z21) -> 0.69483539 | AA54: =1/ABS(AA21) -> 0.52107984 | AB54: =1/ABS(AB21) -> 0.38476602 | AC54: =1/ABS(AC21) -> 0.41883057 | AD54: =1/ABS(AD21) -> 0.45549697 | AE54: =1/ABS(AE21) -> 0.64331154 | ... AI54: =1/ABS(AI21) -> 0.57591315 | AJ54: =SUM(E54:AI54) -> 22.28427 | AK54: =$AJ54 -> 22.28427 | AL54: =$AJ54 -> 22.28427 | AM54: =$AJ54 -> 22.28427 | AN54: =$AJ54 -> 22.28427 | AO54: =$AJ54 -> 22.28427 | AP54: =$AJ54 -> 22.28427 | AQ54: =$AJ54 -> 22.28427 | AR54: =$AJ54 -> 22.28427 | ... BN54: =$AJ54 -> 22.28427
D55: 广西 | E55: =1/ABS(E22) -> 3.6290192 | F55: =1/ABS(F22) -> 3.1480077 | G55: =1/ABS(G22) -> 1.2786267 | H55: =1/ABS(H22) -> 1.14319 | I55: =1/ABS(I22) -> 1.9202736 | J55: =1/ABS(J22) -> 1.7558195 | K55: =1/ABS(K22) -> 1.4174572 | L55: =1/ABS(L22) -> 1.2054504 | ... W55: =1/ABS(W22) -> 2.1536544 | X55: 0 | Y55: =1/ABS(Y22) -> 1.2218621 | Z55: =1/ABS(Z22) -> 1.4964353 | AA55: =1/ABS(AA22) -> 1.1222259 | AB55: =1/ABS(AB22) -> 0.82865303 | AC55: =1/ABS(AC22) -> 0.90201632 | AD55: =1/ABS(AD22) -> 0.98098307 | AE55: =1/ABS(AE22) -> 1.3854708 | AF55: =1/ABS(AF22) -> 0.78392546 | ... AI55: =1/ABS(AI22) -> 1.2403179 | AJ55: =SUM(E55:AI55) -> 49.14627 | AK55: =$AJ55 -> 49.14627 | AL55: =$AJ55 -> 49.14627 | AM55: =$AJ55 -> 49.14627 | AN55: =$AJ55 -> 49.14627 | AO55: =$AJ55 -> 49.14627 | AP55: =$AJ55 -> 49.14627 | AQ55: =$AJ55 -> 49.14627 | AR55: =$AJ55 -> 49.14627 | ... BN55: =$AJ55 -> 49.14627
D56: 海南 | E56: =1/ABS(E23) -> 2.9700728 | F56: =1/ABS(F23) -> 2.5764019 | G56: =1/ABS(G23) -> 1.0464575 | H56: =1/ABS(H23) -> 0.93561298 | I56: =1/ABS(I23) -> 1.571596 | J56: =1/ABS(J23) -> 1.4370031 | K56: =1/ABS(K23) -> 1.1600796 | L56: =1/ABS(L23) -> 0.98656829 | ... X56: =1/ABS(X23) -> 0.81842299 | Y56: 0 | Z56: =1/ABS(Z23) -> 1.2247171 | AA56: =1/ABS(AA23) -> 0.91845549 | AB56: =1/ABS(AB23) -> 0.6781887 | AC56: =1/ABS(AC23) -> 0.73823089 | AD56: =1/ABS(AD23) -> 0.8028591 | AE56: =1/ABS(AE23) -> 1.1339011 | AF56: =1/ABS(AF23) -> 0.64158263 | AG56: =1/ABS(AG23) -> 0.95574904 | ... AI56: =1/ABS(AI23) -> 1.0151047 | AJ56: =SUM(E56:AI56) -> 40.040861 | AK56: =$AJ56 -> 40.040861 | AL56: =$AJ56 -> 40.040861 | AM56: =$AJ56 -> 40.040861 | AN56: =$AJ56 -> 40.040861 | AO56: =$AJ56 -> 40.040861 | AP56: =$AJ56 -> 40.040861 | AQ56: =$AJ56 -> 40.040861 | AR56: =$AJ56 -> 40.040861 | ... BN56: =$AJ56 -> 40.040861
D57: 重庆 | E57: =1/ABS(E24) -> 2.4251093 | F57: =1/ABS(F24) -> 2.1036711 | G57: =1/ABS(G24) -> 0.85444836 | H57: =1/ABS(H24) -> 0.76394214 | I57: =1/ABS(I24) -> 1.2832319 | J57: =1/ABS(J24) -> 1.1733347 | K57: =1/ABS(K24) -> 0.9472225 | L57: =1/ABS(L24) -> 0.80554792 | ... Y57: =1/ABS(Y24) -> 0.81651511 | Z57: 0 | AA57: =1/ABS(AA24) -> 0.74993279 | AB57: =1/ABS(AB24) -> 0.55375132 | AC57: =1/ABS(AC24) -> 0.60277668 | AD57: =1/ABS(AD24) -> 0.65554659 | AE57: =1/ABS(AE24) -> 0.9258474 | AF57: =1/ABS(AF24) -> 0.52386191 | AG57: =1/ABS(AG24) -> 0.78038353 | AH57: =1/ABS(AH24) -> 0.84270905 | AI57: =1/ABS(AI24) -> 0.82884833 | AJ57: =SUM(E57:AI57) -> 32.510483 | AK57: =$AJ57 -> 32.510483 | AL57: =$AJ57 -> 32.510483 | AM57: =$AJ57 -> 32.510483 | AN57: =$AJ57 -> 32.510483 | AO57: =$AJ57 -> 32.510483 | AP57: =$AJ57 -> 32.510483 | AQ57: =$AJ57 -> 32.510483 | AR57: =$AJ57 -> 32.510483 | ... BN57: =$AJ57 -> 32.510483
D58: 四川 | E58: =1/ABS(E25) -> 3.2337689 | F58: =1/ABS(F25) -> 2.8051461 | G58: =1/ABS(G25) -> 1.1393666 | H58: =1/ABS(H25) -> 1.0186808 | I58: =1/ABS(I25) -> 1.7111292 | J58: =1/ABS(J25) -> 1.5645865 | K58: =1/ABS(K25) -> 1.2630765 | L58: =1/ABS(L25) -> 1.0741602 | ... Z58: =1/ABS(Z25) -> 1.3334528 | AA58: 0 | AB58: =1/ABS(AB25) -> 0.73840127 | AC58: =1/ABS(AC25) -> 0.80377428 | AD58: =1/ABS(AD25) -> 0.87414046 | AE58: =1/ABS(AE25) -> 1.2345738 | AF58: =1/ABS(AF25) -> 0.69854515 | AG58: =1/ABS(AG25) -> 1.0406046 | AH58: =1/ABS(AH25) -> 1.1237128 | AI58: =1/ABS(AI25) -> 1.1052302 | AJ58: =SUM(E58:AI58) -> 43.684649 | AK58: =$AJ58 -> 43.684649 | AL58: =$AJ58 -> 43.684649 | AM58: =$AJ58 -> 43.684649 | AN58: =$AJ58 -> 43.684649 | AO58: =$AJ58 -> 43.684649 | AP58: =$AJ58 -> 43.684649 | AQ58: =$AJ58 -> 43.684649 | AR58: =$AJ58 -> 43.684649 | ... BN58: =$AJ58 -> 43.684649
D59: 贵州 | E59: =1/ABS(E26) -> 4.3794194 | F59: =1/ABS(F26) -> 3.7989454 | G59: =1/ABS(G26) -> 1.5430182 | H59: =1/ABS(H26) -> 1.3795762 | I59: =1/ABS(I26) -> 2.3173433 | J59: =1/ABS(J26) -> 2.1188838 | K59: =1/ABS(K26) -> 1.7105557 | L59: =1/ABS(L26) -> 1.4547106 | ... AA59: =1/ABS(AA26) -> 1.3542772 | AB59: 0 | AC59: =1/ABS(AC26) -> 1.0885332 | AD59: =1/ABS(AD26) -> 1.1838285 | AE59: =1/ABS(AE26) -> 1.6719552 | AF59: =1/ABS(AF26) -> 0.94602377 | AG59: =1/ABS(AG26) -> 1.4092671 | AH59: =1/ABS(AH26) -> 1.5218186 | AI59: =1/ABS(AI26) -> 1.496788 | AJ59: =SUM(E59:AI59) -> 59.515401 | AK59: =$AJ59 -> 59.515401 | AL59: =$AJ59 -> 59.515401 | AM59: =$AJ59 -> 59.515401 | AN59: =$AJ59 -> 59.515401 | AO59: =$AJ59 -> 59.515401 | AP59: =$AJ59 -> 59.515401 | AQ59: =$AJ59 -> 59.515401 | AR59: =$AJ59 -> 59.515401 | ... BN59: =$AJ59 -> 59.515401
D60: 云南 | E60: =1/ABS(E27) -> 4.0232301 | F60: =1/ABS(F27) -> 3.4899676 | G60: =1/ABS(G27) -> 1.4175206 | H60: =1/ABS(H27) -> 1.2673718 | I60: =1/ABS(I27) -> 2.1288679 | J60: =1/ABS(J27) -> 1.9465496 | K60: =1/ABS(K27) -> 1.5714319 | L60: =1/ABS(L27) -> 1.3363953 | ... AB60: =1/ABS(AB27) -> 0.91866746 | AC60: 0 | AD60: =1/ABS(AD27) -> 1.0875447 | AE60: =1/ABS(AE27) -> 1.5359708 | AF60: =1/ABS(AF27) -> 0.86908125 | AG60: =1/ABS(AG27) -> 1.2946478 | AH60: =1/ABS(AH27) -> 1.3980452 | AI60: =1/ABS(AI27) -> 1.3750504 | AJ60: =SUM(E60:AI60) -> 54.593529 | AK60: =$AJ60 -> 54.593529 | AL60: =$AJ60 -> 54.593529 | AM60: =$AJ60 -> 54.593529 | AN60: =$AJ60 -> 54.593529 | AO60: =$AJ60 -> 54.593529 | AP60: =$AJ60 -> 54.593529 | AQ60: =$AJ60 -> 54.593529 | AR60: =$AJ60 -> 54.593529 | ... BN60: =$AJ60 -> 54.593529
D61: 西藏 | E61: =1/ABS(E28) -> 3.6993699 | F61: =1/ABS(F28) -> 3.2090336 | G61: =1/ABS(G28) -> 1.3034136 | H61: =1/ABS(H28) -> 1.1653514 | I61: =1/ABS(I28) -> 1.9574992 | J61: =1/ABS(J28) -> 1.7898571 | K61: =1/ABS(K28) -> 1.4449354 | L61: =1/ABS(L28) -> 1.2288187 | ... AC61: =1/ABS(AC28) -> 0.91950243 | AD61: 0 | AE61: =1/ABS(AE28) -> 1.4123289 | AF61: =1/ABS(AF28) -> 0.79912232 | AG61: =1/ABS(AG28) -> 1.1904318 | AH61: =1/ABS(AH28) -> 1.285506 | AI61: =1/ABS(AI28) -> 1.2643622 | AJ61: =SUM(E61:AI61) -> 50.118385 | AK61: =$AJ61 -> 50.118385 | AL61: =$AJ61 -> 50.118385 | AM61: =$AJ61 -> 50.118385 | AN61: =$AJ61 -> 50.118385 | AO61: =$AJ61 -> 50.118385 | AP61: =$AJ61 -> 50.118385 | AQ61: =$AJ61 -> 50.118385 | AR61: =$AJ61 -> 50.118385 | ... BN61: =$AJ61 -> 50.118385
D62: 陕西 | E62: =1/ABS(E29) -> 2.6193402 | F62: =1/ABS(F29) -> 2.2721574 | G62: =1/ABS(G29) -> 0.92288249 | H62: =1/ABS(H29) -> 0.82512749 | I62: =1/ABS(I29) -> 1.386008 | J62: =1/ABS(J29) -> 1.267309 | K62: =1/ABS(K29) -> 1.0230871 | L62: =1/ABS(L29) -> 0.87006554 | ... AD62: =1/ABS(AD29) -> 0.70805036 | AE62: 0 | AF62: =1/ABS(AF29) -> 0.56581885 | AG62: =1/ABS(AG29) -> 0.8428857 | AH62: =1/ABS(AH29) -> 0.91020297 | AI62: =1/ABS(AI29) -> 0.89523212 | AJ62: =SUM(E62:AI62) -> 35.194391 | AK62: =$AJ62 -> 35.194391 | AL62: =$AJ62 -> 35.194391 | AM62: =$AJ62 -> 35.194391 | AN62: =$AJ62 -> 35.194391 | AO62: =$AJ62 -> 35.194391 | AP62: =$AJ62 -> 35.194391 | AQ62: =$AJ62 -> 35.194391 | AR62: =$AJ62 -> 35.194391 | ... BN62: =$AJ62 -> 35.194391
D63: 甘肃 | E63: =1/ABS(E30) -> 4.6292911 | F63: =1/ABS(F30) -> 4.0156977 | G63: =1/ABS(G30) -> 1.6310565 | H63: =1/ABS(H30) -> 1.4582892 | I63: =1/ABS(I30) -> 2.4495614 | J63: =1/ABS(J30) -> 2.2397787 | K63: =1/ABS(K30) -> 1.808153 | L63: =1/ABS(L30) -> 1.5377104 | ... AE63: =1/ABS(AE30) -> 1.7673501 | AF63: 0 | AG63: =1/ABS(AG30) -> 1.4896741 | AH63: =1/ABS(AH30) -> 1.6086473 | AI63: =1/ABS(AI30) -> 1.5821886 | AJ63: =SUM(E63:AI63) -> 62.968161 | AK63: =$AJ63 -> 62.968161 | AL63: =$AJ63 -> 62.968161 | AM63: =$AJ63 -> 62.968161 | AN63: =$AJ63 -> 62.968161 | AO63: =$AJ63 -> 62.968161 | AP63: =$AJ63 -> 62.968161 | AQ63: =$AJ63 -> 62.968161 | AR63: =$AJ63 -> 62.968161 | ... BN63: =$AJ63 -> 62.968161
D64: 青海 | E64: =1/ABS(E31) -> 3.1075865 | F64: =1/ABS(F31) -> 2.6956887 | G64: =1/ABS(G31) -> 1.0949082 | H64: =1/ABS(H31) -> 0.97893165 | I64: =1/ABS(I31) -> 1.6443606 | J64: =1/ABS(J31) -> 1.503536 | K64: =1/ABS(K31) -> 1.213791 | L64: =1/ABS(L31) -> 1.0322462 | ... AF64: =1/ABS(AF31) -> 0.67128775 | AG64: 0 | AH64: =1/ABS(AH31) -> 1.0798652 | AI64: =1/ABS(AI31) -> 1.0621038 | AJ64: =SUM(E64:AI64) -> 41.941043 | AK64: =$AJ64 -> 41.941043 | AL64: =$AJ64 -> 41.941043 | AM64: =$AJ64 -> 41.941043 | AN64: =$AJ64 -> 41.941043 | AO64: =$AJ64 -> 41.941043 | AP64: =$AJ64 -> 41.941043 | AQ64: =$AJ64 -> 41.941043 | AR64: =$AJ64 -> 41.941043 | ... BN64: =$AJ64 -> 41.941043
D65: 宁夏 | E65: =1/ABS(E32) -> 2.8777539 | F65: =1/ABS(F32) -> 2.4963195 | G65: =1/ABS(G32) -> 1.0139304 | H65: =1/ABS(H32) -> 0.90653131 | I65: =1/ABS(I32) -> 1.5227461 | J65: =1/ABS(J32) -> 1.3923367 | K65: =1/ABS(K32) -> 1.1240208 | L65: =1/ABS(L32) -> 0.95590277 | ... AG65: =1/ABS(AG32) -> 0.92604147 | AH65: 0 | AI65: =1/ABS(AI32) -> 0.98355218 | AJ65: =SUM(E65:AI65) -> 38.765187 | AK65: =$AJ65 -> 38.765187 | AL65: =$AJ65 -> 38.765187 | AM65: =$AJ65 -> 38.765187 | AN65: =$AJ65 -> 38.765187 | AO65: =$AJ65 -> 38.765187 | AP65: =$AJ65 -> 38.765187 | AQ65: =$AJ65 -> 38.765187 | AR65: =$AJ65 -> 38.765187 | ... BN65: =$AJ65 -> 38.765187
D66: 新疆 | E66: =1/ABS(E33) -> 2.9258783 | F66: =1/ABS(F33) -> 2.5380652 | G66: =1/ABS(G33) -> 1.0308863 | H66: =1/ABS(H33) -> 0.92169112 | I66: =1/ABS(I33) -> 1.5482108 | J66: =1/ABS(J33) -> 1.4156205 | K66: =1/ABS(K33) -> 1.1428177 | L66: =1/ABS(L33) -> 0.97188821 | ... AH66: =1/ABS(AH33) -> 1.0167229 | AI66: 0 | AJ66: =SUM(E66:AI66) -> 39.430175 | AK66: =$AJ66 -> 39.430175 | AL66: =$AJ66 -> 39.430175 | AM66: =$AJ66 -> 39.430175 | AN66: =$AJ66 -> 39.430175 | AO66: =$AJ66 -> 39.430175 | AP66: =$AJ66 -> 39.430175 | AQ66: =$AJ66 -> 39.430175 | AR66: =$AJ66 -> 39.430175 | ... BN66: =$AJ66 -> 39.430175
B68: 1/绝对值行标准化
E69: 北京 | F69: 天津 | G69: 河北 | H69: 山西 | I69: 内蒙古 | J69: 辽宁 | K69: 吉林 | L69: 黑龙江 | M69: 上海 | N69: 江苏 | O69: 浙江 | P69: 安徽 | Q69: 福建 | R69: 江西 | S69: 山东 | T69: 河南 | U69: 湖北 | V69: 湖南 | W69: 广东 | X69: 广西 | Y69: 海南 | Z69: 重庆 | AA69: 四川 | AB69: 贵州 | AC69: 云南 | AD69: 西藏 | AE69: 陕西 | AF69: 甘肃 | AG69: 青海 | AH69: 宁夏 | AI69: 新疆
D70: 北京 | E70: =E36/AJ36 -> 0 | F70: =F36/AK36 -> 0.067673983 | G70: =G36/AL36 -> 0.027487151 | H70: =H36/AM36 -> 0.024575614 | I70: =I36/AN36 -> 0.041280891 | J70: =J36/AO36 -> 0.037745556 | K70: =K36/AP36 -> 0.030471646 | L70: =L36/AQ36 -> 0.02591405 | ... AE70: =AE36/BJ36 -> 0.02978402 | AF70: =AF36/BJ36 -> 0.01685236 | AG70: =AG36/BK36 -> 0.025104525 | AH70: =AH36/BL36 -> 0.027109504 | AI70: =AI36/BM36 -> 0.026663612
D71: 天津 | E71: =E37/AJ37 -> 0.077216029 | F71: =F37/AK37 -> 0 | G71: =G37/AL37 -> 0.027205829 | H71: =H37/AM37 -> 0.024324091 | I71: =I37/AN37 -> 0.040858395 | J71: =J37/AO37 -> 0.037359243 | K71: =K37/AP37 -> 0.030159779 | L71: =L37/AQ37 -> 0.025648828 | ... AD71: =AD37/BI37 -> 0.020872752 | AE71: =AE37/BI37 -> 0.029479191 | AF71: =AF37/BJ37 -> 0.016679882 | AG71: =AG37/BK37 -> 0.024847588 | AH71: =AH37/BL37 -> 0.026832047 | AI71: =AI37/BM37 -> 0.026390718
D72: 河北 | E72: =E38/AJ38 -> 0.07426221 | F72: =F38/AK38 -> 0.06441906 | G72: =G38/AL38 -> 0 | H72: =H38/AM38 -> 0.023393598 | I72: =I38/AN38 -> 0.039295399 | J72: =J38/AO38 -> 0.035930104 | K72: =K38/AP38 -> 0.029006048 | L72: =L38/AQ38 -> 0.024667659 | ... AD72: =AD38/BI38 -> 0.020074286 | AE72: =AE38/BI38 -> 0.028351495 | AF72: =AF38/BJ38 -> 0.01604181 | AG72: =AG38/BK38 -> 0.02389707 | AH72: =AH38/BL38 -> 0.025805615 | AI72: =AI38/BM38 -> 0.025381169
D73: 山西 | E73: =E39/AJ39 -> 0.074056961 | F73: =F39/AK39 -> 0.064241016 | G73: =G39/AL39 -> 0.026092782 | H73: =H39/AM39 -> 0 | I73: =I39/AN39 -> 0.039186793 | J73: =J39/AO39 -> 0.035830799 | K73: =K39/AP39 -> 0.02892588 | L73: =L39/AQ39 -> 0.024599481 | ... AD73: =AD39/BI39 -> 0.020018804 | AE73: =AE39/BI39 -> 0.028273136 | AF73: =AF39/BJ39 -> 0.015997473 | AG73: =AG39/BK39 -> 0.023831022 | AH73: =AH39/BL39 -> 0.025734292 | AI73: =AI39/BM39 -> 0.025311019
D74: 内蒙古 | E74: =E40/AJ40 -> 0.075250269 | F74: =F40/AK40 -> 0.065276156 | G74: =G40/AL40 -> 0.026513225 | H74: =H40/AM40 -> 0.02370485 | I74: =I40/AN40 -> 0 | J74: =J40/AO40 -> 0.036408154 | K74: =K40/AP40 -> 0.029391973 | L74: =L40/AQ40 -> 0.024995862 | ... AD74: =AD40/BI40 -> 0.020341375 | AE74: =AE40/BI40 -> 0.028728712 | AF74: =AF40/BJ40 -> 0.016255246 | AG74: =AG40/BK40 -> 0.02421502 | AH74: =AH40/BL40 -> 0.026148959 | AI74: =AI40/BM40 -> 0.025718865
D75: 辽宁 | E75: =E41/AJ41 -> 0.074994532 | F75: =F41/AK41 -> 0.065054316 | G75: =G41/AL41 -> 0.02642312 | H75: =H41/AM41 -> 0.023624289 | I75: =I41/AN41 -> 0.039682903 | J75: =J41/AO41 -> 0 | K75: =K41/AP41 -> 0.029292085 | L75: =L41/AQ41 -> 0.024910914 | ... AD75: =AD41/BI41 -> 0.020272245 | AE75: =AE41/BI41 -> 0.028631078 | AF75: =AF41/BJ41 -> 0.016200003 | AG75: =AG41/BK41 -> 0.024132726 | AH75: =AH41/BL41 -> 0.026060092 | AI75: =AI41/BM41 -> 0.02563146
D76: 吉林 | E76: =E42/AJ42 -> 0.074473786 | F76: =F42/AK42 -> 0.064602593 | G76: =G42/AL42 -> 0.026239644 | H76: =H42/AM42 -> 0.023460247 | I76: =I42/AN42 -> 0.039407354 | J76: =J42/AO42 -> 0.036032471 | K76: =K42/AP42 -> 0 | L76: =L42/AQ42 -> 0.024737938 | ... AD76: =AD42/BI42 -> 0.020131479 | AE76: =AE42/BI42 -> 0.02843227 | AF76: =AF42/BJ42 -> 0.016087514 | AG76: =AG42/BK42 -> 0.023965153 | AH76: =AH42/BL42 -> 0.025879136 | AI76: =AI42/BM42 -> 0.025453481
D77: 黑龙江 | E77: =E43/AJ43 -> 0.074151173 | F77: =F43/AK43 -> 0.064322741 | G77: =G43/AL43 -> 0.026125976 | H77: =H43/AM43 -> 0.02335862 | I77: =I43/AN43 -> 0.039236645 | J77: =J43/AO43 -> 0.035876381 | K77: =K43/AP43 -> 0.028962678 | L77: =L43/AQ43 -> 0 | ... AD77: =AD43/BI43 -> 0.020044271 | AE77: =AE43/BI43 -> 0.028309104 | AF77: =AF43/BJ43 -> 0.016017824 | AG77: =AG43/BK43 -> 0.023861339 | AH77: =AH43/BL43 -> 0.02576703 | AI77: =AI43/BM43 -> 0.025343219
D78: 上海 | E78: =E44/AJ44 -> 0.078280116 | F78: =F44/AK44 -> 0.067904409 | G78: =G44/AL44 -> 0.027580743 | H78: =H44/AM44 -> 0.024659292 | I78: =I44/AN44 -> 0.04142145 | J78: =J44/AO44 -> 0.037874078 | K78: =K44/AP44 -> 0.0305754 | L78: =L44/AQ44 -> 0.026002285 | ... AD78: =AD44/BI44 -> 0.021160392 | AE78: =AE44/BI44 -> 0.029885433 | AF78: =AF44/BJ44 -> 0.016909741 | AG78: =AG44/BK44 -> 0.025190004 | AH78: =AH44/BL44 -> 0.02720181 | AI78: =AI44/BM44 -> 0.026754399
D79: 江苏 | E79: =E45/AJ45 -> 0.076415497 | F79: =F45/AK45 -> 0.066286938 | G79: =G45/AL45 -> 0.026923775 | H79: =H45/AM45 -> 0.024071912 | I79: =I45/AN45 -> 0.040434798 | J79: =J45/AO45 -> 0.036971924 | K79: =K45/AP45 -> 0.029847099 | L79: =L45/AQ45 -> 0.025382916 | ... AD79: =AD45/BI45 -> 0.020656355 | AE79: =AE45/BI45 -> 0.029173567 | AF79: =AF45/BJ45 -> 0.016506954 | AG79: =AG45/BK45 -> 0.024589983 | AH79: =AH45/BL45 -> 0.026553868 | AI79: =AI45/BM45 -> 0.026117114
D80: 浙江 | E80: =E46/AJ46 -> 0.076105213 | F80: =F46/AK46 -> 0.066017781 | G80: =G46/AL46 -> 0.026814451 | H80: =H46/AM46 -> 0.023974169 | I80: =I46/AN46 -> 0.040270613 | J80: =J46/AO46 -> 0.0368218 | K80: =K46/AP46 -> 0.029725906 | L80: =L46/AQ46 -> 0.025279849 | ... AD80: =AD46/BI46 -> 0.02057248 | AE80: =AE46/BI46 -> 0.029055109 | AF80: =AF46/BJ46 -> 0.016439928 | AG80: =AG46/BK46 -> 0.024490136 | AH80: =AH46/BL46 -> 0.026446046 | AI80: =AI46/BM46 -> 0.026011066
D81: 安徽 | E81: =E47/AJ47 -> 0.074017946 | F81: =F47/AK47 -> 0.064207172 | G81: =G47/AL47 -> 0.026079036 | H81: =H47/AM47 -> 0.023316651 | I81: =I47/AN47 -> 0.039166149 | J81: =J47/AO47 -> 0.035811923 | K81: =K47/AP47 -> 0.028910641 | L81: =L47/AQ47 -> 0.024586522 | ... AD81: =AD47/BI47 -> 0.020008258 | AE81: =AE47/BI47 -> 0.028258241 | AF81: =AF47/BJ47 -> 0.015989045 | AG81: =AG47/BK47 -> 0.023818467 | AH81: =AH47/BL47 -> 0.025720735 | AI81: =AI47/BM47 -> 0.025297685
D82: 福建 | E82: =E48/AJ48 -> 0.075564003 | F82: =F48/AK48 -> 0.065548306 | G82: =G48/AL48 -> 0.026623764 | H82: =H48/AM48 -> 0.02380368 | I82: =I48/AN48 -> 0.039984235 | J82: =J48/AO48 -> 0.036559947 | K82: =K48/AP48 -> 0.029514515 | L82: =L48/AQ48 -> 0.025100075 | ... AD82: =AD48/BI48 -> 0.020426182 | AE82: =AE48/BI48 -> 0.028848488 | AF82: =AF48/BJ48 -> 0.016323018 | AG82: =AG48/BK48 -> 0.024315978 | AH82: =AH48/BL48 -> 0.026257979 | AI82: =AI48/BM48 -> 0.025826093
... D94: 云南 | E94: =E60/AJ60 -> 0.073694267 | F94: =F60/AK60 -> 0.063926396 | G94: =G60/AL60 -> 0.025964993 | H94: =H60/AM60 -> 0.023214688 | I94: =I60/AN60 -> 0.038994876 | J94: =J60/AO60 -> 0.035655318 | K94: =K60/AP60 -> 0.028784215 | L94: =L60/AQ60 -> 0.024479005 | ... AD94: =AD60/BI60 -> 0.019920762 | AE94: =AE60/BI60 -> 0.028134668 | AF94: =AF60/BJ60 -> 0.015919126 | AG94: =AG60/BK60 -> 0.02371431 | AH94: =AH60/BL60 -> 0.025608259 | AI94: =AI60/BM60 -> 0.025187059
D95: 西藏 | E95: =E61/AJ61 -> 0.073812631 | F95: =F61/AK61 -> 0.064029071 | G95: =G61/AL61 -> 0.026006696 | H95: =H61/AM61 -> 0.023251974 | I95: =I61/AN61 -> 0.039057507 | J95: =J61/AO61 -> 0.035712585 | K95: =K61/AP61 -> 0.028830447 | L95: =L61/AQ61 -> 0.024518322 | ... AI95: =AI61/BN61 -> 0.025227513
D96: 陕西 | E96: =E62/AJ62 -> 0.074424932 | F96: =F62/AK62 -> 0.064560214 | G96: =G62/AL62 -> 0.026222431 | H96: =H62/AM62 -> 0.023444858 | I96: =I62/AN62 -> 0.039381503 | J96: =J62/AO62 -> 0.036008834 | K96: =K62/AP62 -> 0.029069606 | L96: =L62/AQ62 -> 0.02472171 | ... AD96: =AD62/BI62 -> 0.020118273 | AE96: =AE62/BI62 -> 0 | AF96: =AF62/BJ62 -> 0.016076961 | AG96: =AG62/BK62 -> 0.023949433 | AH96: =AH62/BL62 -> 0.02586216 | AI96: =AI62/BM62 -> 0.025436784
D97: 甘肃 | E97: =E63/AJ63 -> 0.073517966 | F97: =F63/AK63 -> 0.063773463 | G97: =G63/AL63 -> 0.025902876 | H97: =H63/AM63 -> 0.023159151 | I97: =I63/AN63 -> 0.038901587 | J97: =J63/AO63 -> 0.035570019 | K97: =K63/AP63 -> 0.028715354 | L97: =L63/AQ63 -> 0.024420444 | ... AD97: =AD63/BI63 -> 0.019873105 | AE97: =AE63/BI63 -> 0.028067361 | AF97: =AF63/BJ63 -> 0 | AG97: =AG63/BK63 -> 0.023657577 | AH97: =AH63/BL63 -> 0.025546995 | AI97: =AI63/BM63 -> 0.025126803
D98: 青海 | E98: =E64/AJ64 -> 0.074094162 | F98: =F64/AK64 -> 0.064273286 | G98: =G64/AL64 -> 0.026105889 | H98: =H64/AM64 -> 0.023340661 | I98: =I64/AN64 -> 0.039206478 | J98: =J64/AO64 -> 0.035848798 | K98: =K64/AP64 -> 0.02894041 | L98: =L64/AQ64 -> 0.024611838 | ... AD98: =AD64/BI64 -> 0.02002886 | AE98: =AE64/BI64 -> 0.028287338 | AF98: =AF64/BJ64 -> 0.016005509 | AG98: =AG64/BK64 -> 0 | AH98: =AH64/BL64 -> 0.025747219 | AI98: =AI64/BM64 -> 0.025323734
D99: 宁夏 | E99: =E65/AJ65 -> 0.074235523 | F99: =F65/AK65 -> 0.064395911 | G99: =G65/AL65 -> 0.026155696 | H99: =H65/AM65 -> 0.023385191 | I99: =I65/AN65 -> 0.039281278 | J99: =J65/AO65 -> 0.035917192 | K99: =K65/AP65 -> 0.028995624 | L99: =L65/AQ65 -> 0.024658794 | ... AD99: =AD65/BI65 -> 0.020067073 | AE99: =AE65/BI65 -> 0.028341307 | AF99: =AF65/BJ65 -> 0.016036046 | AG99: =AG65/BK65 -> 0.023888482 | AH99: =AH65/BL65 -> 0 | AI99: =AI65/BM65 -> 0.025372048
D100: 新疆 | E100: =E66/AJ66 -> 0.074204039 | F100: =F66/AK66 -> 0.0643686 | G100: =G66/AL66 -> 0.026144603 | H100: =H66/AM66 -> 0.023375273 | I100: =I66/AN66 -> 0.039264619 | J100: =J66/AO66 -> 0.035901959 | K100: =K66/AP66 -> 0.028983327 | L100: =L66/AQ66 -> 0.024648336 | ... AD100: =AD66/BI66 -> 0.020058562 | AE100: =AE66/BI66 -> 0.028329287 | AF100: =AF66/BJ66 -> 0.016029244 | AG100: =AG66/BK66 -> 0.023878351 | AH100: =AH66/BL66 -> 0.025785401 | AI100: =AI66/BM66 -> 0
C105: 地理距离标准化 | D105: 1/距离(千米)行标准化 | E105: 北京 | F105: 天津 | G105: 河北 | H105: 山西 | I105: 内蒙古 | J105: 辽宁 | K105: 吉林 | L105: 黑龙江 | M105: 上海 | N105: 江苏 | O105: 浙江 | P105: 安徽 | Q105: 福建 | R105: 江西 | S105: 山东 | T105: 河南 | U105: 湖北 | V105: 湖南 | W105: 广东 | X105: 广西 | Y105: 海南 | Z105: 重庆 | AA105: 四川 | AB105: 贵州 | AC105: 云南 | AD105: 西藏 | AE105: 陕西 | AF105: 甘肃 | AG105: 青海 | AH105: 宁夏 | AI105: 新疆
C106: 一样 | D106: 北京 | E106: 0 | F106: 0.24015646 | G106: 0.096351199 | H106: 0.056645436 | I106: 0.05434619 | J106: 0.036580631 | K106: 0.026605094 | L106: 0.021831258 | M106: 0.022142588 | N106: 0.026806317 | O106: 0.020920729 | P106: 0.025697537 | Q106: 0.015104354 | R106: 0.01856426 | S106: 0.064639568 | T106: 0.037199968 | U106: 0.0221568 | V106: 0.017531586 | W106: 0.012426894 | X106: 0.011269818 | Y106: 0.010256424 | Z106: 0.016255995 | AA106: 0.015320941 | AB106: 0.013339457 | AC106: 0.011155157 | AD106: 0.0090256168 | AE106: 0.025414165 | AF106: 0.019474717 | AG106: 0.017207589 | AH106: 0.026093909 | AI106: 0.0094793399
D107: 天津 | E107: 0.24029281 | F107: 0 | G107: 0.085615068 | H107: 0.05132866 | I107: 0.044834513 | J107: 0.039245941 | K107: 0.027439315 | L107: 0.022130588 | M107: 0.024157635 | N107: 0.029314499 | O107: 0.022561464 | P107: 0.027650194 | Q107: 0.015849059 | R107: 0.019382227 | S107: 0.079100604 | T107: 0.038074291 | U107: 0.023038555 | V107: 0.01798518 | W107: 0.012725988 | X107: 0.011388446 | Y107: 0.010413403 | Z107: 0.016153167 | AA107: 0.015075826 | AB107: 0.013363444 | AC107: 0.011103558 | AD107: 0.0088412614 | AE107: 0.024691801 | AF107: 0.018541402 | AG107: 0.016411668 | AH107: 0.024148644 | AI107: 0.0091407942
D108: 河北 | E108: 0.096742207 | F108: 0.085913731 | G108: 0 | H108: 0.12772575 | I108: 0.06258209 | J108: 0.027038231 | K108: 0.020998873 | L108: 0.017874642 | M108: 0.023216494 | N108: 0.030208301 | O108: 0.022603967 | P108: 0.03010202 | Q108: 0.016438827 | R108: 0.021506287 | S108: 0.077302247 | T108: 0.057278291 | U108: 0.02712941 | V108: 0.020804909 | W108: 0.013898572 | X108: 0.012688351 | Y108: 0.011342009 | Z108: 0.019624794 | AA108: 0.018269947 | AB108: 0.015497799 | AC108: 0.012665188 | AD108: 0.0098837185 | AE108: 0.034572141 | AF108: 0.023560062 | AG108: 0.020138244 | AH108: 0.032493164 | AI108: 0.0098997361
D109: 山西 | E109: 0.060302281 | F109: 0.054611267 | G109: 0.13542174 | H109: 0 | I109: 0.072924837 | J109: 0.023746807 | K109: 0.019272985 | L109: 0.016822332 | M109: 0.022575362 | N109: 0.029576787 | O109: 0.022525042 | P109: 0.030567934 | Q109: 0.017142686 | R109: 0.023154805 | S109: 0.056562471 | T109: 0.068966546 | U109: 0.030020358 | V109: 0.023416453 | W109: 0.015241164 | X109: 0.014257068 | Y109: 0.012523877 | Z109: 0.023739203 | AA109: 0.022279474 | AB109: 0.018004173 | AC109: 0.014634303 | AD109: 0.011358102 | AE109: 0.048570748 | AF109: 0.030568684 | AG109: 0.025239412 | AH109: 0.044829764 | AI109: 0.011143332
D110: 内蒙古 | E110: 0.073251791 | F110: 0.060396964 | G110: 0.08401181 | H110: 0.092332755 | I110: 0 | J110: 0.031085015 | K110: 0.026177724 | L110: 0.02330303 | M110: 0.022733225 | N110: 0.027452576 | O110: 0.022338034 | P110: 0.027677892 | Q110: 0.017671946 | R110: 0.022261705 | S110: 0.046698377 | T110: 0.044890375 | U110: 0.026926254 | V110: 0.022532848 | W110: 0.015999235 | X110: 0.015345712 | Y110: 0.013636695 | Z110: 0.024099937 | AA110: 0.023832019 | AB110: 0.018973178 | AC110: 0.016272428 | AD110: 0.014027626 | AE110: 0.041690409 | AF110: 0.036646111 | AG110: 0.031797709 | AH110: 0.060469929 | AI110: 0.015466693
D111: 辽宁 | E111: 0.061227098 | F111: 0.065650908 | G111: 0.045072524 | H111: 0.037336094 | I111: 0.038600632 | J111: 0 | K111: 0.13834369 | L111: 0.076120183 | M111: 0.033167938 | N111: 0.034027016 | O111: 0.029899993 | P111: 0.03128944 | Q111: 0.021968014 | R111: 0.023911395 | S111: 0.049365283 | T111: 0.033180864 | U111: 0.026039966 | V111: 0.021758805 | W111: 0.017128759 | X111: 0.015203281 | Y111: 0.014365967 | Z111: 0.019268193 | AA111: 0.018234755 | AB111: 0.016909947 | AC111: 0.01455784 | AD111: 0.012121113 | AE111: 0.025361336 | AF111: 0.021306884 | AG111: 0.019675082 | AH111: 0.025738552 | AI111: 0.013168448
D112: 吉林 | E112: 0.046802074 | F112: 0.048242196 | G112: 0.036790647 | H112: 0.031847876 | I112: 0.034165127 | J112: 0.14540093 | K112: 0 | L112: 0.17569679 | M112: 0.028534285 | N112: 0.028780287 | O112: 0.02608251 | P112: 0.026842766 | Q112: 0.020077237 | R112: 0.021442692 | S112: 0.038392031 | T112: 0.028319213 | U112: 0.023035011 | V112: 0.019762691 | W112: 0.016028727 | X112: 0.014400069 | Y112: 0.013679889 | Z112: 0.017890617 | AA112: 0.017118772 | AB112: 0.015880578 | AC112: 0.013907938 | AD112: 0.011936578 | AE112: 0.022888862 | AF112: 0.020034969 | AG112: 0.018746993 | AH112: 0.023868282 | AI112: 0.013403367
D113: 黑龙江 | E113: 0.044977784 | F113: 0.045568609 | G113: 0.036677336 | H113: 0.032556423 | I113: 0.035619067 | J113: 0.093697209 | K113: 0.20577036 | L113: 0 | M113: 0.028783518 | N113: 0.028969369 | O113: 0.026608906 | P113: 0.027295218 | Q113: 0.021112177 | R113: 0.022397434 | S113: 0.037257223 | T113: 0.02891056 | U113: 0.023923048 | V113: 0.020862923 | W113: 0.017211366 | X113: 0.015629336 | Y113: 0.014877858 | Z113: 0.019230228 | AA113: 0.018553581 | AB113: 0.01717423 | AC113: 0.01522683 | AD113: 0.013386341 | AE113: 0.024201326 | AF113: 0.021784482 | AG113: 0.020572506 | AH113: 0.025715838 | AI113: 0.015448913
D114: 上海 | E114: 0.027173973 | F114: 0.02963007 | G114: 0.028376742 | H114: 0.026024996 | I114: 0.020698394 | J114: 0.024319282 | K114: 0.019906342 | L114: 0.017145467 | M114: 0 | N114: 0.098983204 | O114: 0.17948078 | P114: 0.071862725 | Q114: 0.046961698 | R114: 0.044742619 | S114: 0.040036445 | T114: 0.034310414 | U114: 0.041231827 | V114: 0.031248526 | W114: 0.023473349 | X114: 0.017506004 | Y114: 0.017028264 | Z114: 0.019854699 | AA114: 0.017157085 | AB114: 0.018332251 | AC114: 0.014370335 | AD114: 0.0097642544 | AE114: 0.022871939 | AF114: 0.016333018 | AG114: 0.014748928 | AH114: 0.01777516 | AI114: 0.0086512085
D115: 江苏 | E115: 0.027208989 | F115: 0.029737964 | G115: 0.030538147 | H115: 0.02820054 | I115: 0.020673271 | J115: 0.020635102 | K115: 0.016606193 | L115: 0.014272333 | M115: 0.081867587 | N115: 0 | O115: 0.089960627 | P115: 0.17394537 | Q115: 0.034986839 | R115: 0.047645761 | S115: 0.046404377 | T115: 0.043119269 | U115: 0.052128592 | V115: 0.032828713 | W115: 0.020803499 | X115: 0.01594111 | Y115: 0.014914313 | Z115: 0.020001059 | AA115: 0.016924692 | AB115: 0.017625076 | AC115: 0.013394846 | AD115: 0.0089130613 | AE115: 0.024596901 | AF115: 0.01617577 | AG115: 0.014332699 | AH115: 0.01779877 | AI115: 0.0078185329
D116: 浙江 | E116: 0.023910846 | F116: 0.025771453 | G116: 0.025730244 | H116: 0.024183263 | I116: 0.018941481 | J116: 0.020417225 | K116: 0.016946 | L116: 0.014761342 | M116: 0.16715189 | N116: 0.10129671 | O116: 0 | P116: 0.082838093 | Q116: 0.056545396 | R116: 0.054570012 | S116: 0.035064931 | T116: 0.033330442 | U116: 0.04621946 | V116: 0.034492752 | W116: 0.0251456 | X116: 0.018032593 | Y116: 0.017519573 | Z116: 0.020134801 | AA116: 0.017091995 | AB116: 0.018758855 | AC116: 0.014390156 | AD116: 0.0094330355 | AE116: 0.022467103 | AF116: 0.01572499 | AG116: 0.014160097 | AH116: 0.016838265 | AI116: 0.008131387
D117: 安徽 | E117: 0.025535425 | F117: 0.027460174 | G117: 0.029791225 | H117: 0.028533094 | I117: 0.020404946 | J117: 0.018576201 | K117: 0.01516277 | L117: 0.013164939 | M117: 0.058187609 | N117: 0.17029003 | O117: 0.072021733 | P117: 0 | Q117: 0.035841369 | R117: 0.060202863 | S117: 0.042186179 | T117: 0.047707438 | U117: 0.072862989 | V117: 0.039390158 | W117: 0.02246943 | X117: 0.017075471 | Y117: 0.015730695 | Z117: 0.022024879 | AA117: 0.018213139 | AB117: 0.019199959 | AC117: 0.014206443 | AD117: 0.0091467551 | AE117: 0.026772987 | AF117: 0.016872705 | AG117: 0.014846289 | AH117: 0.018290154 | AI117: 0.0078319543
D118: 福建 | E118: 0.023791641 | F118: 0.024950498 | G118: 0.025788982 | H118: 0.02536485 | I118: 0.020651779 | J118: 0.020673812 | K118: 0.017977359 | L118: 0.016141205 | M118: 0.060275562 | N118: 0.054293983 | O118: 0.077929408 | P118: 0.056813983 | Q118: 0 | R118: 0.081775239 | S118: 0.031046152 | T118: 0.033396807 | U118: 0.05298441 | V118: 0.052482182 | W118: 0.052289144 | X118: 0.030708543 | Y118: 0.031930772 | Z118: 0.027859708 | AA118: 0.023290651 | AB118: 0.028516799 | AC118: 0.021556279 | AD118: 0.013048185 | AE118: 0.02667103 | AF118: 0.01955262 | AG118: 0.017862154 | AH118: 0.019880759 | AI118: 0.010495504
... D136: 新疆 | E136: 0.033525677 | F136: 0.032309995 | G136: 0.034870984 | H136: 0.037020794 | I136: 0.04058334 | J136: 0.027825409 | K136: 0.026947164 | L136: 0.026520279 | M136: 0.024931676 | N136: 0.027242658 | O136: 0.025162047 | P136: 0.027875201 | Q136: 0.023565708 | R136: 0.027016253 | S136: 0.030988434 | T136: 0.033265803 | U136: 0.029372918 | V136: 0.028859776 | W136: 0.024910902 | X136: 0.027012652 | Y136: 0.024253097 | Z136: 0.035522572 | AA136: 0.039431948 | AB136: 0.031794398 | AC136: 0.033100565 | AD136: 0.051065384 | AE136: 0.038834896 | AF136: 0.050822862 | AG136: 0.056796868 | AH136: 0.048569739 | AI136: 0
E139: 北京 | F139: 天津 | G139: 河北 | H139: 山西 | I139: 内蒙古 | J139: 辽宁 | K139: 吉林 | L139: 黑龙江 | M139: 上海 | N139: 江苏 | O139: 浙江 | P139: 安徽 | Q139: 福建 | R139: 江西 | S139: 山东 | T139: 河南 | U139: 湖北 | V139: 湖南 | W139: 广东 | X139: 广西 | Y139: 海南 | Z139: 重庆 | AA139: 四川 | AB139: 贵州 | AC139: 云南 | AD139: 西藏 | AE139: 陕西 | AF139: 甘肃 | AG139: 青海 | AH139: 宁夏 | AI139: 新疆 | AJ139: 1 | AK139: 2 | AL139: 3 | AM139: 4 | AN139: 5 | AO139: 6 | AP139: 7 | AQ139: 8 | AR139: 9 | AS139: 10 | AT139: 11 | AU139: 12 | AV139: 13 | AW139: 14 | AX139: 15 | AY139: 16 | AZ139: 17 | BA139: 18 | BB139: 19 | BC139: 20 | BD139: 21 | BE139: 22 | BF139: 23 | BG139: 24 | BH139: 25 | BI139: 26 | BJ139: 27 | BK139: 28 | BL139: 29 | BM139: 30 | BN139: 31
C140: 经济地理矩阵 | D140: 北京 | E140: =E70*E106 -> 0 | F140: =F70*F106 -> 0.016252344 | G140: =G70*G106 -> 0.0026484199 | H140: =H70*H106 -> 0.0013920964 | I140: =I70*I106 -> 0.0022434591 | J140: =J70*J106 -> 0.0013807563 | K140: =K70*K106 -> 0.00081070101 | L140: =L70*L106 -> 0.0005657363 | ... AI140: =AI70*AI106 -> 0.00025275344 | AJ140: =SUM(E140:AI140) -> 0.041366038 | AK140: =$AJ140 -> 0.041366038 | AL140: =$AJ140 -> 0.041366038 | AM140: =$AJ140 -> 0.041366038 | AN140: =$AJ140 -> 0.041366038 | AO140: =$AJ140 -> 0.041366038 | AP140: =$AJ140 -> 0.041366038 | AQ140: =$AJ140 -> 0.041366038 | AR140: =$AJ140 -> 0.041366038 | ... BN140: =$AJ140 -> 0.041366038
D141: 天津 | E141: =E71*E107 -> 0.018554456 | F141: =F71*F107 -> 0 | G141: =G71*G107 -> 0.0023292289 | H141: =H71*H107 -> 0.001248523 | I141: =I71*I107 -> 0.0018318662 | J141: =J71*J107 -> 0.0014661987 | K141: =K71*K107 -> 0.00082756367 | L141: =L71*L107 -> 0.00056762365 | ... AI141: =AI71*AI107 -> 0.00024123213 | AJ141: =SUM(E141:AI141) -> 0.043757627 | AK141: =$AJ141 -> 0.043757627 | AL141: =$AJ141 -> 0.043757627 | AM141: =$AJ141 -> 0.043757627 | AN141: =$AJ141 -> 0.043757627 | AO141: =$AJ141 -> 0.043757627 | AP141: =$AJ141 -> 0.043757627 | AQ141: =$AJ141 -> 0.043757627 | AR141: =$AJ141 -> 0.043757627 | ... BN141: =$AJ141 -> 0.043757627
D142: 河北 | E142: =E72*E108 -> 0.0071842901 | F142: =F72*F108 -> 0.0055344818 | G142: =G72*G108 -> 0 | H142: =H72*H108 -> 0.0029879648 | I142: =I72*I108 -> 0.0024591882 | J142: =J72*J108 -> 0.00097148645 | K142: =K72*K108 -> 0.00060909432 | L142: =L72*L108 -> 0.00044092556 | ... AI142: =AI72*AI108 -> 0.00025126687 | AJ142: =SUM(E142:AI142) -> 0.038231789 | AK142: =$AJ142 -> 0.038231789 | AL142: =$AJ142 -> 0.038231789 | AM142: =$AJ142 -> 0.038231789 | AN142: =$AJ142 -> 0.038231789 | AO142: =$AJ142 -> 0.038231789 | AP142: =$AJ142 -> 0.038231789 | AQ142: =$AJ142 -> 0.038231789 | AR142: =$AJ142 -> 0.038231789 | ... BN142: =$AJ142 -> 0.038231789
D143: 山西 | E143: =E73*E109 -> 0.0044658037 | F143: =F73*F109 -> 0.0035082833 | G143: =G73*G109 -> 0.0035335301 | H143: =H73*H109 -> 0 | I143: =I73*I109 -> 0.0028576905 | J143: =J73*J109 -> 0.00085086706 | K143: =K73*K109 -> 0.00055748806 | L143: =L73*L109 -> 0.00041382064 | ... AI143: =AI73*AI109 -> 0.0002820491 | AJ143: =SUM(E143:AI143) -> 0.035237272 | AK143: =$AJ143 -> 0.035237272 | AL143: =$AJ143 -> 0.035237272 | AM143: =$AJ143 -> 0.035237272 | AN143: =$AJ143 -> 0.035237272 | AO143: =$AJ143 -> 0.035237272 | AP143: =$AJ143 -> 0.035237272 | AQ143: =$AJ143 -> 0.035237272 | AR143: =$AJ143 -> 0.035237272 | ... BN143: =$AJ143 -> 0.035237272
D144: 内蒙古 | E144: =E74*E110 -> 0.0055122169 | F144: =F74*F110 -> 0.0039424816 | G144: =G74*G110 -> 0.002227424 | H144: =H74*H110 -> 0.0021887341 | I144: =I74*I110 -> 0 | J144: =J74*J110 -> 0.001131748 | K144: =K74*K110 -> 0.00076941497 | L144: =L74*L110 -> 0.00058247931 | ... AI144: =AI74*AI110 -> 0.0003977858 | AJ144: =SUM(E144:AI144) -> 0.035239219 | AK144: =$AJ144 -> 0.035239219 | AL144: =$AJ144 -> 0.035239219 | AM144: =$AJ144 -> 0.035239219 | AN144: =$AJ144 -> 0.035239219 | AO144: =$AJ144 -> 0.035239219 | AP144: =$AJ144 -> 0.035239219 | AQ144: =$AJ144 -> 0.035239219 | AR144: =$AJ144 -> 0.035239219 | ... BN144: =$AJ144 -> 0.035239219
D145: 辽宁 | E145: =E75*E111 -> 0.0045916975 | F145: =F75*F111 -> 0.0042708749 | G145: =G75*G111 -> 0.0011909567 | H145: =H75*H111 -> 0.00088203867 | I145: =I75*I111 -> 0.0015317851 | J145: =J75*J111 -> 0 | K145: =K75*K111 -> 0.0040523753 | L145: =L75*L111 -> 0.0018962233 | ... AI145: =AI75*AI111 -> 0.00033752654 | AJ145: =SUM(E145:AI145) -> 0.036581819 | AK145: =$AJ145 -> 0.036581819 | AL145: =$AJ145 -> 0.036581819 | AM145: =$AJ145 -> 0.036581819 | AN145: =$AJ145 -> 0.036581819 | AO145: =$AJ145 -> 0.036581819 | AP145: =$AJ145 -> 0.036581819 | AQ145: =$AJ145 -> 0.036581819 | AR145: =$AJ145 -> 0.036581819 | ... BN145: =$AJ145 -> 0.036581819
D146: 吉林 | E146: =E76*E112 -> 0.0034855276 | F146: =F76*F112 -> 0.003116571 | G146: =G76*G112 -> 0.00096537347 | H146: =H76*H112 -> 0.00074715904 | I146: =I76*I112 -> 0.0013463572 | J146: =J76*J112 -> 0.0052391548 | K146: =K76*K112 -> 0 | L146: =L76*L112 -> 0.0043463762 | ... AI146: =AI76*AI112 -> 0.00034116234 | AJ146: =SUM(E146:AI146) -> 0.035177242 | AK146: =$AJ146 -> 0.035177242 | AL146: =$AJ146 -> 0.035177242 | AM146: =$AJ146 -> 0.035177242 | AN146: =$AJ146 -> 0.035177242 | AO146: =$AJ146 -> 0.035177242 | AP146: =$AJ146 -> 0.035177242 | AQ146: =$AJ146 -> 0.035177242 | AR146: =$AJ146 -> 0.035177242 | ... BN146: =$AJ146 -> 0.035177242
D147: 黑龙江 | E147: =E77*E113 -> 0.0033351555 | F147: =F77*F113 -> 0.0029310978 | G147: =G77*G113 -> 0.0009582312 | H147: =H77*H113 -> 0.00076047311 | I147: =I77*I113 -> 0.0013975727 | J147: =J77*J113 -> 0.0033615168 | K147: =K77*K113 -> 0.0059596607 | L147: =L77*L113 -> 0 | ... AI147: =AI77*AI113 -> 0.00039152519 | AJ147: =SUM(E147:AI147) -> 0.03518865 | AK147: =$AJ147 -> 0.03518865 | AL147: =$AJ147 -> 0.03518865 | AM147: =$AJ147 -> 0.03518865 | AN147: =$AJ147 -> 0.03518865 | AO147: =$AJ147 -> 0.03518865 | AP147: =$AJ147 -> 0.03518865 | AQ147: =$AJ147 -> 0.03518865 | AR147: =$AJ147 -> 0.03518865 | ... BN147: =$AJ147 -> 0.03518865
D148: 上海 | E148: =E78*E114 -> 0.0021271817 | F148: =F78*F114 -> 0.0020120124 | G148: =G78*G114 -> 0.00078265163 | H148: =H78*H114 -> 0.00064175799 | I148: =I78*I114 -> 0.0008573575 | J148: =J78*J114 -> 0.00092107039 | K148: =K78*K114 -> 0.00060864436 | L148: =L78*L114 -> 0.00044582133 | ... AI148: =AI78*AI114 -> 0.00023145789 | AJ148: =SUM(E148:AI148) -> 0.039088124 | AK148: =$AJ148 -> 0.039088124 | AL148: =$AJ148 -> 0.039088124 | AM148: =$AJ148 -> 0.039088124 | AN148: =$AJ148 -> 0.039088124 | AO148: =$AJ148 -> 0.039088124 | AP148: =$AJ148 -> 0.039088124 | AQ148: =$AJ148 -> 0.039088124 | AR148: =$AJ148 -> 0.039088124 | ... BN148: =$AJ148 -> 0.039088124
D149: 江苏 | E149: =E79*E115 -> 0.0020791884 | F149: =F79*F115 -> 0.0019712385 | G149: =G79*G115 -> 0.00082220219 | H149: =H79*H115 -> 0.00067884092 | I149: =I79*I115 -> 0.00083591955 | J149: =J79*J115 -> 0.00076291944 | K149: =K79*K115 -> 0.00049564668 | L149: =L79*L115 -> 0.00036227343 | ... AI149: =AI79*AI115 -> 0.00020419752 | AJ149: =SUM(E149:AI149) -> 0.036877757 | AK149: =$AJ149 -> 0.036877757 | AL149: =$AJ149 -> 0.036877757 | AM149: =$AJ149 -> 0.036877757 | AN149: =$AJ149 -> 0.036877757 | AO149: =$AJ149 -> 0.036877757 | AP149: =$AJ149 -> 0.036877757 | AQ149: =$AJ149 -> 0.036877757 | AR149: =$AJ149 -> 0.036877757 | ... BN149: =$AJ149 -> 0.036877757
D150: 浙江 | E150: =E80*E116 -> 0.00181974 | F150: =F80*F116 -> 0.0017013742 | G150: =G80*G116 -> 0.00068994237 | H150: =H80*H116 -> 0.00057977363 | I150: =I80*I116 -> 0.00076278505 | J150: =J80*J116 -> 0.00075179899 | K150: =K80*K116 -> 0.00050373521 | L150: =L80*L116 -> 0.00037316449 | ... AI150: =AI80*AI116 -> 0.00021150605 | AJ150: =SUM(E150:AI150) -> 0.042121951 | AK150: =$AJ150 -> 0.042121951 | AL150: =$AJ150 -> 0.042121951 | AM150: =$AJ150 -> 0.042121951 | AN150: =$AJ150 -> 0.042121951 | AO150: =$AJ150 -> 0.042121951 | AP150: =$AJ150 -> 0.042121951 | AQ150: =$AJ150 -> 0.042121951 | AR150: =$AJ150 -> 0.042121951 | ... BN150: =$AJ150 -> 0.042121951
D151: 安徽 | E151: =E81*E117 -> 0.0018900797 | F151: =F81*F117 -> 0.0017631402 | G151: =G81*G117 -> 0.00077692644 | H151: =H81*H117 -> 0.00066529621 | I151: =I81*I117 -> 0.00079918317 | J151: =J81*J117 -> 0.00066524948 | K151: =K81*K117 -> 0.00043836541 | L151: =L81*L117 -> 0.00032368006 | ... AI151: =AI81*AI117 -> 0.00019813031 | AJ151: =SUM(E151:AI151) -> 0.039240327 | AK151: =$AJ151 -> 0.039240327 | AL151: =$AJ151 -> 0.039240327 | AM151: =$AJ151 -> 0.039240327 | AN151: =$AJ151 -> 0.039240327 | AO151: =$AJ151 -> 0.039240327 | AP151: =$AJ151 -> 0.039240327 | AQ151: =$AJ151 -> 0.039240327 | AR151: =$AJ151 -> 0.039240327 | ... BN151: =$AJ151 -> 0.039240327
D152: 福建 | E152: =E82*E118 -> 0.0017977916 | F152: =F82*F118 -> 0.0016354629 | G152: =G82*G118 -> 0.00068659977 | H152: =H82*H118 -> 0.00060377678 | I152: =I82*I118 -> 0.00082574559 | J152: =J82*J118 -> 0.00075583348 | K152: =K82*K118 -> 0.00053059302 | L152: =L82*L118 -> 0.00040514547 | ... AI152: =AI82*AI118 -> 0.00027105785 | AJ152: =SUM(E152:AI152) -> 0.035974969 | AK152: =$AJ152 -> 0.035974969 | AL152: =$AJ152 -> 0.035974969 | AM152: =$AJ152 -> 0.035974969 | AN152: =$AJ152 -> 0.035974969 | AO152: =$AJ152 -> 0.035974969 | AP152: =$AJ152 -> 0.035974969 | AQ152: =$AJ152 -> 0.035974969 | AR152: =$AJ152 -> 0.035974969 | ... BN152: =$AJ152 -> 0.035974969
... D170: 新疆 | E170: =E100*E136 -> 0.0024877406 | F170: =F100*F136 -> 0.0020797492 | G170: =G100*G136 -> 0.00091168804 | H170: =H100*H136 -> 0.00086537116 | I170: =I100*I136 -> 0.0015934894 | J170: =J100*J136 -> 0.00099898672 | K170: =K100*K136 -> 0.00078101846 | L170: =L100*L136 -> 0.00065368074 | ... AI170: =AI100*AI136 -> 0 | AJ170: =SUM(E170:AI170) -> 0.031923883 | AK170: =$AJ170 -> 0.031923883 | AL170: =$AJ170 -> 0.031923883 | AM170: =$AJ170 -> 0.031923883 | AN170: =$AJ170 -> 0.031923883 | AO170: =$AJ170 -> 0.031923883 | AP170: =$AJ170 -> 0.031923883 | AQ170: =$AJ170 -> 0.031923883 | AR170: =$AJ170 -> 0.031923883 | ... BN170: =$AJ170 -> 0.031923883
C175: 经济地理矩阵标准化结果 | E175: 北京 | F175: 天津 | G175: 河北 | H175: 山西 | I175: 内蒙古 | J175: 辽宁 | K175: 吉林 | L175: 黑龙江 | M175: 上海 | N175: 江苏 | O175: 浙江 | P175: 安徽 | Q175: 福建 | R175: 江西 | S175: 山东 | T175: 河南 | U175: 湖北 | V175: 湖南 | W175: 广东 | X175: 广西 | Y175: 海南 | Z175: 重庆 | AA175: 四川 | AB175: 贵州 | AC175: 云南 | AD175: 西藏 | AE175: 陕西 | AF175: 甘肃 | AG175: 青海 | AH175: 宁夏 | AI175: 新疆
...

Sheet 经济地理嵌套矩阵（经纬度和GDP）
B1: 经济距离矩阵 | D1: 北京 | E1: 天津 | F1: 河北 | G1: 山西 | H1: 内蒙古 | I1: 辽宁 | J1: 吉林 | K1: 黑龙江 | L1: 上海 | M1: 江苏 | N1: 浙江 | O1: 安徽 | P1: 福建 | Q1: 江西 | R1: 山东 | S1: 河南 | T1: 湖北 | U1: 湖南 | V1: 广东 | W1: 广西 | X1: 海南 | Y1: 重庆 | Z1: 四川 | AA1: 贵州 | AB1: 云南 | AC1: 西藏 | AD1: 陕西 | AE1: 甘肃 | AF1: 青海 | AG1: 宁夏 | AH1: 新疆
C2: 北京 | D2: 0 | E2: 0.094777644 | F2: 0.019396394 | G2: 0.018339611 | H2: 0.026679887 | I2: 0.024337576 | J2: 0.020614001 | K2: 0.018810747 | L2: 0.28881154 | M2: 0.046836527 | N2: 0.039065641 | O2: 0.018151009 | P2: 0.03022118 | Q2: 0.018065225 | R2: 0.026295143 | S2: 0.018787898 | T2: 0.021433518 | U2: 0.019214584 | V2: 0.03090025 | W2: 0.017340741 | X2: 0.018938996 | Y2: 0.021377419 | Z2: 0.018186238 | AA2: 0.016279707 | AB2: 0.016717672 | AC2: 0.017216208 | AD2: 0.020320105 | AE2: 0.016023774 | AF2: 0.018522942 | AG2: 0.019252499 | AH2: 0.019085325
C3: 天津 | D3: 0.093761283 | E3: 0 | F3: 0.024125772 | G3: 0.02249594 | H3: 0.036734549 | I3: 0.032395233 | J3: 0.026061221 | K3: 0.023216951 | L3: 0.07059464 | M3: 0.09160097 | N3: 0.065746058 | O3: 0.022209795 | P3: 0.043892996 | Q3: 0.02208011 | R3: 0.036001407 | S3: 0.023181777 | T3: 0.02740007 | U3: 0.023842126 | V3: 0.045356375 | W3: 0.020996321 | X3: 0.023414771 | Y3: 0.027307468 | Z3: 0.022263138 | AA3: 0.019445176 | AB3: 0.020080335 | AC3: 0.020812066 | AD3: 0.025588263 | AE3: 0.01907728 | AF3: 0.022775445 | AG3: 0.023901166 | AH3: 0.023641296
C4: 河北 | D4: 0.0016541966 | E4: 0.0020798389 | F4: 0 | G4: 0.028707221 | H4: 0.0060594253 | I4: 0.0081476734 | J4: 0.028005453 | K4: 0.053132081 | L4: 0.0015500933 | M4: 0.0028234858 | N4: 0.0032854462 | O4: 0.024109269 | P4: 0.0046182691 | Q4: 0.022449008 | R4: 0.006305105 | S4: 0.051074841 | T4: 0.017404565 | U4: 0.17482281 | V4: 0.0044433006 | W4: 0.013954195 | X4: 0.068493533 | Y4: 0.017850585 | Z4: 0.024859281 | AA4: 0.0086405307 | AB4: 0.010323696 | AC4: 0.013062639 | AD4: 0.03638959 | AE4: 0.0078593118 | AF4: 0.035079838 | AG4: 0.22132335 | AH4: 0.10149137
C5: 山西 | D5: 0.001437817 | E5: 0.0017827893 | F5: 0.026389949 | G5: 0 | H5: 0.0045994636 | I5: 0.0058341419 | J5: 0.013031699 | K5: 0.057406794 | L5: 0.0013519668 | M5: 0.0023631454 | N5: 0.0027100821 | O5: 0.13837514 | P5: 0.003657137 | Q5: 0.094664115 | R5: 0.0047523663 | S5: 0.060259538 | T5: 0.0099606979 | U5: 0.031574763 | V5: 0.0035371532 | W5: 0.024961014 | X5: 0.045431224 | Y5: 0.010118089 | Z5: 0.17048997 | AA5: 0.011363267 | AB5: 0.01481989 | AC5: 0.022034617 | AD5: 0.014752173 | AE5: 0.0099485677 | AF5: 0.1452708 | AG5: 0.030323068 | AH5: 0.036798563
C6: 内蒙古 | D6: 0.0064555691 | E6: 0.0089847839 | F6: 0.017191583 | G6: 0.014195289 | H6: 0 | I6: 0.067076037 | J6: 0.021938279 | K6: 0.015431684 | L6: 0.0059096467 | M6: 0.015000339 | N6: 0.020361372 | O6: 0.013738629 | P6: 0.055091432 | Q6: 0.013537538 | R6: 0.44120343 | S6: 0.015368315 | T6: 0.026373587 | U6: 0.016615678 | V6: 0.047265767 | W6: 0.011986572 | X6: 0.015794307 | Y6: 0.026026263 | Z6: 0.01382239 | AA6: 0.010105092 | AB6: 0.010833142 | AC6: 0.011743891 | AD6: 0.020626155 | AE6: 0.0097073472 | AF6: 0.014659425 | AG6: 0.016733452 | AH6: 0.016223007
C7: 辽宁 | D7: 0.008381488 | E7: 0.011277356 | F7: 0.032901167 | G7: 0.025627561 | H7: 0.095468619 | I7: 0 | J7: 0.046400559 | K7: 0.028526672 | L7: 0.0077300887 | M7: 0.017447915 | N7: 0.022231584 | O7: 0.024590771 | P7: 0.043051583 | Q7: 0.024139826 | R7: 0.11258487 | S7: 0.028374713 | T7: 0.061859913 | U7: 0.031436078 | V7: 0.03946411 | W7: 0.02077242 | X7: 0.029403467 | Y7: 0.060528747 | Z7: 0.024779607 | AA7: 0.016933529 | AB7: 0.018388547 | AC7: 0.020262599 | AD7: 0.042393014 | AE7: 0.016154231 | AF7: 0.026699839 | AG7: 0.031732967 | AH7: 0.030456162
C8: 吉林 | D8: 0.0033199573 | E8: 0.0042427491 | F8: 0.052886729 | G8: 0.026770577 | H8: 0.014602332 | I8: 0.021699495 | J8: 0 | K8: 0.034632331 | L8: 0.003098781 | M8: 0.0059298356 | N8: 0.0070289827 | O8: 0.024466414 | P8: 0.010443547 | Q8: 0.023531212 | R8: 0.015366407 | S8: 0.034157451 | T8: 0.086829561 | U8: 0.045584409 | V8: 0.0099732669 | W8: 0.01758813 | X8: 0.037538207 | Y8: 0.092966154 | Z8: 0.024869624 | AA8: 0.012469836 | AB8: 0.014244682 | AC8: 0.016821825 | AD8: 0.22954375 | AE8: 0.011589461 | AF8: 0.029408723 | AG8: 0.046946313 | AH8: 0.041449253
C9: 黑龙江 | D9: 0.000687132 | E9: 0.00085727803 | F9: 0.022757515 | G9: 0.026747545 | H9: 0.0023296833 | I9: 0.0030258085 | J9: 0.0078549901 | K9: 0 | L9: 0.00064511467 | M9: 0.0011483312 | N9: 0.0013252724 | O9: 0.018904682 | P9: 0.0018199081 | Q9: 0.016650342 | R9: 0.0024141204 | S9: 0.56499804 | T9: 0.0056153031 | U9: 0.032693804 | V9: 0.0017562798 | W9: 0.0081056646 | X9: 0.10147105 | Y9: 0.0057230164 | Z9: 0.020009885 | AA9: 0.0044196484 | AB9: 0.0054882165 | AC9: 0.0074189505 | AD9: 0.0092506837 | AE9: 0.0039506841 | AF9: 0.044223311 | AG9: 0.029946677 | AH9: 0.04776107
C10: 上海 | D10: 0.310795 | E10: 0.076791575 | F10: 0.019559206 | G10: 0.01855718 | H10: 0.026282728 | I10: 0.024154617 | J10: 0.020705234 | K10: 0.019004755 | L10: 0 | M10: 0.043368515 | N10: 0.037030347 | O10: 0.018377625 | P10: 0.029440841 | Q10: 0.018295884 | R10: 0.02593534 | S10: 0.01898308 | T10: 0.021471511 | U10: 0.019387305 | V10: 0.030038439 | W10: 0.017603708 | X10: 0.019126353 | Y10: 0.021419186 | Z10: 0.018411182 | AA10: 0.01658406 | AB10: 0.017005801 | AC10: 0.017484399 | AD10: 0.020429442 | AE10: 0.016337047 | AF10: 0.018731506 | AG10: 0.019423171 | AH10: 0.019264969
C11: 江苏 | D11: 0.032979318 | E11: 0.065198773 | F11: 0.023311836 | G11: 0.021224327 | H11: 0.043652338 | I11: 0.035674404 | J11: 0.025925636 | K11: 0.022135534 | L11: 0.028377364 | M11: 0 | N11: 0.16579295 | O11: 0.020867948 | P11: 0.05998514 | Q11: 0.020707398 | R11: 0.042217015 | S11: 0.022090636 | T11: 0.027825948 | U11: 0.02294132 | V11: 0.063946502 | W11: 0.019388729 | X11: 0.022388905 | Y11: 0.027691965 | Z11: 0.02093416 | AA11: 0.017570337 | AB11: 0.018305391 | AC11: 0.019168557 | AD11: 0.025272761 | AE11: 0.017150469 | AF11: 0.021575296 | AG11: 0.023018186 | AH11: 0.022680855
C12: 浙江 | D12: 0.023748246 | E12: 0.040400679 | F12: 0.02341881 | G12: 0.021013845 | H12: 0.051155587 | I12: 0.039243089 | J12: 0.026531319 | K12: 0.022055028 | L12: 0.020918709 | M12: 0.14313494 | N12: 0 | O12: 0.020610194 | P12: 0.081146839 | Q12: 0.020428996 | R12: 0.048898921 | S12: 0.022003416 | T12: 0.028868247 | U12: 0.022986819 | V12: 0.089870376 | W12: 0.018955768 | X12: 0.022346891 | Y12: 0.028701372 | Z12: 0.020685039 | AA12: 0.016967243 | AB12: 0.017765167 | AC12: 0.018712373 | AD12: 0.025743028 | AE12: 0.016515005 | AF12: 0.021413319 | AG12: 0.023076254 | AH12: 0.022684476
C13: 安徽 | D13: 0.00087111739 | E13: 0.0010774642 | F13: 0.013567313 | G13: 0.084707232 | H13: 0.0027250142 | I13: 0.0034269223 | J13: 0.007290814 | K13: 0.024837688 | L13: 0.00081960733 | M13: 0.0014223244 | N13: 0.0016271268 | O13: 0 | P13: 0.0021810954 | Q13: 0.18344879 | R13: 0.0028125956 | S13: 0.02569752 | T13: 0.0056880599 | U13: 0.015737642 | V13: 0.0021113214 | W13: 0.018642989 | X13: 0.020936996 | Y13: 0.0057718139 | Z13: 0.44969051 | AA13: 0.0075784323 | AB13: 0.010160247 | AC13: 0.016043347 | AD13: 0.0081606325 | AE13: 0.0065618477 | AF13: 0.043383266 | AG13: 0.015225906 | AH13: 0.017794362
... C32: 新疆 | D32: 0.0012318799 | E32: 0.0015424904 | F32: 0.076812485 | G32: 0.030296061 | H32: 0.004327625 | I32: 0.0057082132 | J32: 0.016611747 | K32: 0.084393448 | L32: 0.0011555205 | M32: 0.0020790803 | N32: 0.0024085794 | O32: 0.023931798 | P32: 0.0033431527 | Q32: 0.021815696 | R32: 0.0044928258 | S32: 0.077815461 | T32: 0.011244185 | U32: 0.18312166 | V32: 0.003221806 | W32: 0.012244585 | X32: 0.1594395 | Y32: 0.011489235 | Z32: 0.024917801 | AA32: 0.0071480305 | AB32: 0.0086981355 | AC32: 0.011346694 | AD32: 0.020272377 | AE32: 0.0064475061 | AF32: 0.04057382 | AG32: 0.14186861 | AH32: 0
B38: 地理距离矩阵 | C38: 1/距离(千米)行标准化 | D38: 北京 | E38: 天津 | F38: 河北 | G38: 山西 | H38: 内蒙古 | I38: 辽宁 | J38: 吉林 | K38: 黑龙江 | L38: 上海 | M38: 江苏 | N38: 浙江 | O38: 安徽 | P38: 福建 | Q38: 江西 | R38: 山东 | S38: 河南 | T38: 湖北 | U38: 湖南 | V38: 广东 | W38: 广西 | X38: 海南 | Y38: 重庆 | Z38: 四川 | AA38: 贵州 | AB38: 云南 | AC38: 西藏 | AD38: 陕西 | AE38: 甘肃 | AF38: 青海 | AG38: 宁夏 | AH38: 新疆
C39: 北京 | D39: 0 | E39: 0.24015646 | F39: 0.096351199 | G39: 0.056645436 | H39: 0.05434619 | I39: 0.036580631 | J39: 0.026605094 | K39: 0.021831258 | L39: 0.022142588 | M39: 0.026806317 | N39: 0.020920729 | O39: 0.025697537 | P39: 0.015104354 | Q39: 0.01856426 | R39: 0.064639568 | S39: 0.037199968 | T39: 0.0221568 | U39: 0.017531586 | V39: 0.012426894 | W39: 0.011269818 | X39: 0.010256424 | Y39: 0.016255995 | Z39: 0.015320941 | AA39: 0.013339457 | AB39: 0.011155157 | AC39: 0.0090256168 | AD39: 0.025414165 | AE39: 0.019474717 | AF39: 0.017207589 | AG39: 0.026093909 | AH39: 0.0094793399
C40: 天津 | D40: 0.24029281 | E40: 0 | F40: 0.085615068 | G40: 0.05132866 | H40: 0.044834513 | I40: 0.039245941 | J40: 0.027439315 | K40: 0.022130588 | L40: 0.024157635 | M40: 0.029314499 | N40: 0.022561464 | O40: 0.027650194 | P40: 0.015849059 | Q40: 0.019382227 | R40: 0.079100604 | S40: 0.038074291 | T40: 0.023038555 | U40: 0.01798518 | V40: 0.012725988 | W40: 0.011388446 | X40: 0.010413403 | Y40: 0.016153167 | Z40: 0.015075826 | AA40: 0.013363444 | AB40: 0.011103558 | AC40: 0.0088412614 | AD40: 0.024691801 | AE40: 0.018541402 | AF40: 0.016411668 | AG40: 0.024148644 | AH40: 0.0091407942
C41: 河北 | D41: 0.096742207 | E41: 0.085913731 | F41: 0 | G41: 0.12772575 | H41: 0.06258209 | I41: 0.027038231 | J41: 0.020998873 | K41: 0.017874642 | L41: 0.023216494 | M41: 0.030208301 | N41: 0.022603967 | O41: 0.03010202 | P41: 0.016438827 | Q41: 0.021506287 | R41: 0.077302247 | S41: 0.057278291 | T41: 0.02712941 | U41: 0.020804909 | V41: 0.013898572 | W41: 0.012688351 | X41: 0.011342009 | Y41: 0.019624794 | Z41: 0.018269947 | AA41: 0.015497799 | AB41: 0.012665188 | AC41: 0.0098837185 | AD41: 0.034572141 | AE41: 0.023560062 | AF41: 0.020138244 | AG41: 0.032493164 | AH41: 0.0098997361
C42: 山西 | D42: 0.060302281 | E42: 0.054611267 | F42: 0.13542174 | G42: 0 | H42: 0.072924837 | I42: 0.023746807 | J42: 0.019272985 | K42: 0.016822332 | L42: 0.022575362 | M42: 0.029576787 | N42: 0.022525042 | O42: 0.030567934 | P42: 0.017142686 | Q42: 0.023154805 | R42: 0.056562471 | S42: 0.068966546 | T42: 0.030020358 | U42: 0.023416453 | V42: 0.015241164 | W42: 0.014257068 | X42: 0.012523877 | Y42: 0.023739203 | Z42: 0.022279474 | AA42: 0.018004173 | AB42: 0.014634303 | AC42: 0.011358102 | AD42: 0.048570748 | AE42: 0.030568684 | AF42: 0.025239412 | AG42: 0.044829764 | AH42: 0.011143332
C43: 内蒙古 | D43: 0.073251791 | E43: 0.060396964 | F43: 0.08401181 | G43: 0.092332755 | H43: 0 | I43: 0.031085015 | J43: 0.026177724 | K43: 0.02330303 | L43: 0.022733225 | M43: 0.027452576 | N43: 0.022338034 | O43: 0.027677892 | P43: 0.017671946 | Q43: 0.022261705 | R43: 0.046698377 | S43: 0.044890375 | T43: 0.026926254 | U43: 0.022532848 | V43: 0.015999235 | W43: 0.015345712 | X43: 0.013636695 | Y43: 0.024099937 | Z43: 0.023832019 | AA43: 0.018973178 | AB43: 0.016272428 | AC43: 0.014027626 | AD43: 0.041690409 | AE43: 0.036646111 | AF43: 0.031797709 | AG43: 0.060469929 | AH43: 0.015466693
C44: 辽宁 | D44: 0.061227098 | E44: 0.065650908 | F44: 0.045072524 | G44: 0.037336094 | H44: 0.038600632 | I44: 0 | J44: 0.13834369 | K44: 0.076120183 | L44: 0.033167938 | M44: 0.034027016 | N44: 0.029899993 | O44: 0.03128944 | P44: 0.021968014 | Q44: 0.023911395 | R44: 0.049365283 | S44: 0.033180864 | T44: 0.026039966 | U44: 0.021758805 | V44: 0.017128759 | W44: 0.015203281 | X44: 0.014365967 | Y44: 0.019268193 | Z44: 0.018234755 | AA44: 0.016909947 | AB44: 0.01455784 | AC44: 0.012121113 | AD44: 0.025361336 | AE44: 0.021306884 | AF44: 0.019675082 | AG44: 0.025738552 | AH44: 0.013168448
C45: 吉林 | D45: 0.046802074 | E45: 0.048242196 | F45: 0.036790647 | G45: 0.031847876 | H45: 0.034165127 | I45: 0.14540093 | J45: 0 | K45: 0.17569679 | L45: 0.028534285 | M45: 0.028780287 | N45: 0.02608251 | O45: 0.026842766 | P45: 0.020077237 | Q45: 0.021442692 | R45: 0.038392031 | S45: 0.028319213 | T45: 0.023035011 | U45: 0.019762691 | V45: 0.016028727 | W45: 0.014400069 | X45: 0.013679889 | Y45: 0.017890617 | Z45: 0.017118772 | AA45: 0.015880578 | AB45: 0.013907938 | AC45: 0.011936578 | AD45: 0.022888862 | AE45: 0.020034969 | AF45: 0.018746993 | AG45: 0.023868282 | AH45: 0.013403367
C46: 黑龙江 | D46: 0.044977784 | E46: 0.045568609 | F46: 0.036677336 | G46: 0.032556423 | H46: 0.035619067 | I46: 0.093697209 | J46: 0.20577036 | K46: 0 | L46: 0.028783518 | M46: 0.028969369 | N46: 0.026608906 | O46: 0.027295218 | P46: 0.021112177 | Q46: 0.022397434 | R46: 0.037257223 | S46: 0.02891056 | T46: 0.023923048 | U46: 0.020862923 | V46: 0.017211366 | W46: 0.015629336 | X46: 0.014877858 | Y46: 0.019230228 | Z46: 0.018553581 | AA46: 0.01717423 | AB46: 0.01522683 | AC46: 0.013386341 | AD46: 0.024201326 | AE46: 0.021784482 | AF46: 0.020572506 | AG46: 0.025715838 | AH46: 0.015448913
C47: 上海 | D47: 0.027173973 | E47: 0.02963007 | F47: 0.028376742 | G47: 0.026024996 | H47: 0.020698394 | I47: 0.024319282 | J47: 0.019906342 | K47: 0.017145467 | L47: 0 | M47: 0.098983204 | N47: 0.17948078 | O47: 0.071862725 | P47: 0.046961698 | Q47: 0.044742619 | R47: 0.040036445 | S47: 0.034310414 | T47: 0.041231827 | U47: 0.031248526 | V47: 0.023473349 | W47: 0.017506004 | X47: 0.017028264 | Y47: 0.019854699 | Z47: 0.017157085 | AA47: 0.018332251 | AB47: 0.014370335 | AC47: 0.0097642544 | AD47: 0.022871939 | AE47: 0.016333018 | AF47: 0.014748928 | AG47: 0.01777516 | AH47: 0.0086512085
C48: 江苏 | D48: 0.027208989 | E48: 0.029737964 | F48: 0.030538147 | G48: 0.02820054 | H48: 0.020673271 | I48: 0.020635102 | J48: 0.016606193 | K48: 0.014272333 | L48: 0.081867587 | M48: 0 | N48: 0.089960627 | O48: 0.17394537 | P48: 0.034986839 | Q48: 0.047645761 | R48: 0.046404377 | S48: 0.043119269 | T48: 0.052128592 | U48: 0.032828713 | V48: 0.020803499 | W48: 0.01594111 | X48: 0.014914313 | Y48: 0.020001059 | Z48: 0.016924692 | AA48: 0.017625076 | AB48: 0.013394846 | AC48: 0.0089130613 | AD48: 0.024596901 | AE48: 0.01617577 | AF48: 0.014332699 | AG48: 0.01779877 | AH48: 0.0078185329
C49: 浙江 | D49: 0.023910846 | E49: 0.025771453 | F49: 0.025730244 | G49: 0.024183263 | H49: 0.018941481 | I49: 0.020417225 | J49: 0.016946 | K49: 0.014761342 | L49: 0.16715189 | M49: 0.10129671 | N49: 0 | O49: 0.082838093 | P49: 0.056545396 | Q49: 0.054570012 | R49: 0.035064931 | S49: 0.033330442 | T49: 0.04621946 | U49: 0.034492752 | V49: 0.0251456 | W49: 0.018032593 | X49: 0.017519573 | Y49: 0.020134801 | Z49: 0.017091995 | AA49: 0.018758855 | AB49: 0.014390156 | AC49: 0.0094330355 | AD49: 0.022467103 | AE49: 0.01572499 | AF49: 0.014160097 | AG49: 0.016838265 | AH49: 0.008131387
C50: 安徽 | D50: 0.025535425 | E50: 0.027460174 | F50: 0.029791225 | G50: 0.028533094 | H50: 0.020404946 | I50: 0.018576201 | J50: 0.01516277 | K50: 0.013164939 | L50: 0.058187609 | M50: 0.17029003 | N50: 0.072021733 | O50: 0 | P50: 0.035841369 | Q50: 0.060202863 | R50: 0.042186179 | S50: 0.047707438 | T50: 0.072862989 | U50: 0.039390158 | V50: 0.02246943 | W50: 0.017075471 | X50: 0.015730695 | Y50: 0.022024879 | Z50: 0.018213139 | AA50: 0.019199959 | AB50: 0.014206443 | AC50: 0.0091467551 | AD50: 0.026772987 | AE50: 0.016872705 | AF50: 0.014846289 | AG50: 0.018290154 | AH50: 0.0078319543
... C69: 新疆 | D69: 0.033525677 | E69: 0.032309995 | F69: 0.034870984 | G69: 0.037020794 | H69: 0.04058334 | I69: 0.027825409 | J69: 0.026947164 | K69: 0.026520279 | L69: 0.024931676 | M69: 0.027242658 | N69: 0.025162047 | O69: 0.027875201 | P69: 0.023565708 | Q69: 0.027016253 | R69: 0.030988434 | S69: 0.033265803 | T69: 0.029372918 | U69: 0.028859776 | V69: 0.024910902 | W69: 0.027012652 | X69: 0.024253097 | Y69: 0.035522572 | Z69: 0.039431948 | AA69: 0.031794398 | AB69: 0.033100565 | AC69: 0.051065384 | AD69: 0.038834896 | AE69: 0.050822862 | AF69: 0.056796868 | AG69: 0.048569739 | AH69: 0
D73: 北京 | E73: 天津 | F73: 河北 | G73: 山西 | H73: 内蒙古 | I73: 辽宁 | J73: 吉林 | K73: 黑龙江 | L73: 上海 | M73: 江苏 | N73: 浙江 | O73: 安徽 | P73: 福建 | Q73: 江西 | R73: 山东 | S73: 河南 | T73: 湖北 | U73: 湖南 | V73: 广东 | W73: 广西 | X73: 海南 | Y73: 重庆 | Z73: 四川 | AA73: 贵州 | AB73: 云南 | AC73: 西藏 | AD73: 陕西 | AE73: 甘肃 | AF73: 青海 | AG73: 宁夏 | AH73: 新疆
B74: 经济地理嵌套 | C74: 北京 | D74: =0.5*D2+0.5*D39 -> 0 | E74: =0.5*E2+0.5*E39 -> 0.16746705 | F74: =0.5*F2+0.5*F39 -> 0.057873797 | G74: =0.5*G2+0.5*G39 -> 0.037492523 | H74: =0.5*H2+0.5*H39 -> 0.040513038 | I74: =0.5*I2+0.5*I39 -> 0.030459104 | J74: =0.5*J2+0.5*J39 -> 0.023609547 | K74: =0.5*K2+0.5*K39 -> 0.020321002 | ... AH74: =0.5*AH2+0.5*AH39 -> 0.014282332
C75: 天津 | D75: =0.5*D3+0.5*D40 -> 0.16702704 | E75: =0.5*E3+0.5*E40 -> 0 | F75: =0.5*F3+0.5*F40 -> 0.05487042 | G75: =0.5*G3+0.5*G40 -> 0.0369123 | H75: =0.5*H3+0.5*H40 -> 0.040784531 | I75: =0.5*I3+0.5*I40 -> 0.035820587 | J75: =0.5*J3+0.5*J40 -> 0.026750268 | K75: =0.5*K3+0.5*K40 -> 0.02267377 | ... AH75: =0.5*AH3+0.5*AH40 -> 0.016391045
C76: 河北 | D76: =0.5*D4+0.5*D41 -> 0.049198202 | E76: =0.5*E4+0.5*E41 -> 0.043996785 | F76: =0.5*F4+0.5*F41 -> 0 | G76: =0.5*G4+0.5*G41 -> 0.078216484 | H76: =0.5*H4+0.5*H41 -> 0.034320758 | I76: =0.5*I4+0.5*I41 -> 0.017592952 | J76: =0.5*J4+0.5*J41 -> 0.024502163 | K76: =0.5*K4+0.5*K41 -> 0.035503361 | ... AH76: =0.5*AH4+0.5*AH41 -> 0.055695553
C77: 山西 | D77: =0.5*D5+0.5*D42 -> 0.030870049 | E77: =0.5*E5+0.5*E42 -> 0.028197028 | F77: =0.5*F5+0.5*F42 -> 0.080905847 | G77: =0.5*G5+0.5*G42 -> 0 | H77: =0.5*H5+0.5*H42 -> 0.03876215 | I77: =0.5*I5+0.5*I42 -> 0.014790474 | J77: =0.5*J5+0.5*J42 -> 0.016152342 | K77: =0.5*K5+0.5*K42 -> 0.037114563 | ... AH77: =0.5*AH5+0.5*AH42 -> 0.023970948
C78: 内蒙古 | D78: =0.5*D6+0.5*D43 -> 0.03985368 | E78: =0.5*E6+0.5*E43 -> 0.034690874 | F78: =0.5*F6+0.5*F43 -> 0.050601697 | G78: =0.5*G6+0.5*G43 -> 0.053264022 | H78: =0.5*H6+0.5*H43 -> 0 | I78: =0.5*I6+0.5*I43 -> 0.049080526 | J78: =0.5*J6+0.5*J43 -> 0.024058002 | K78: =0.5*K6+0.5*K43 -> 0.019367357 | ... AH78: =0.5*AH6+0.5*AH43 -> 0.01584485
C79: 辽宁 | D79: =0.5*D7+0.5*D44 -> 0.034804293 | E79: =0.5*E7+0.5*E44 -> 0.038464132 | F79: =0.5*F7+0.5*F44 -> 0.038986846 | G79: =0.5*G7+0.5*G44 -> 0.031481827 | H79: =0.5*H7+0.5*H44 -> 0.067034626 | I79: =0.5*I7+0.5*I44 -> 0 | J79: =0.5*J7+0.5*J44 -> 0.092372127 | K79: =0.5*K7+0.5*K44 -> 0.052323428 | ... AH79: =0.5*AH7+0.5*AH44 -> 0.021812305
C80: 吉林 | D80: =0.5*D8+0.5*D45 -> 0.025061015 | E80: =0.5*E8+0.5*E45 -> 0.026242473 | F80: =0.5*F8+0.5*F45 -> 0.044838688 | G80: =0.5*G8+0.5*G45 -> 0.029309227 | H80: =0.5*H8+0.5*H45 -> 0.02438373 | I80: =0.5*I8+0.5*I45 -> 0.083550213 | J80: =0.5*J8+0.5*J45 -> 0 | K80: =0.5*K8+0.5*K45 -> 0.10516456 | ... AH80: =0.5*AH8+0.5*AH45 -> 0.02742631
C81: 黑龙江 | D81: =0.5*D9+0.5*D46 -> 0.022832458 | E81: =0.5*E9+0.5*E46 -> 0.023212943 | F81: =0.5*F9+0.5*F46 -> 0.029717425 | G81: =0.5*G9+0.5*G46 -> 0.029651984 | H81: =0.5*H9+0.5*H46 -> 0.018974375 | I81: =0.5*I9+0.5*I46 -> 0.048361509 | J81: =0.5*J9+0.5*J46 -> 0.10681268 | K81: =0.5*K9+0.5*K46 -> 0 | ... AH81: =0.5*AH9+0.5*AH46 -> 0.031604992
C82: 上海 | D82: =0.5*D10+0.5*D47 -> 0.16898448 | E82: =0.5*E10+0.5*E47 -> 0.053210823 | F82: =0.5*F10+0.5*F47 -> 0.023967974 | G82: =0.5*G10+0.5*G47 -> 0.022291088 | H82: =0.5*H10+0.5*H47 -> 0.023490561 | I82: =0.5*I10+0.5*I47 -> 0.02423695 | J82: =0.5*J10+0.5*J47 -> 0.020305788 | K82: =0.5*K10+0.5*K47 -> 0.018075111 | ... AH82: =0.5*AH10+0.5*AH47 -> 0.013958089
C83: 江苏 | D83: =0.5*D11+0.5*D48 -> 0.030094153 | E83: =0.5*E11+0.5*E48 -> 0.047468368 | F83: =0.5*F11+0.5*F48 -> 0.026924991 | G83: =0.5*G11+0.5*G48 -> 0.024712433 | H83: =0.5*H11+0.5*H48 -> 0.032162805 | I83: =0.5*I11+0.5*I48 -> 0.028154753 | J83: =0.5*J11+0.5*J48 -> 0.021265914 | K83: =0.5*K11+0.5*K48 -> 0.018203933 | ... AH83: =0.5*AH11+0.5*AH48 -> 0.015249694
C84: 浙江 | D84: =0.5*D12+0.5*D49 -> 0.023829546 | E84: =0.5*E12+0.5*E49 -> 0.033086066 | F84: =0.5*F12+0.5*F49 -> 0.024574527 | G84: =0.5*G12+0.5*G49 -> 0.022598554 | H84: =0.5*H12+0.5*H49 -> 0.035048534 | I84: =0.5*I12+0.5*I49 -> 0.029830157 | J84: =0.5*J12+0.5*J49 -> 0.02173866 | K84: =0.5*K12+0.5*K49 -> 0.018408185 | ... AH84: =0.5*AH12+0.5*AH49 -> 0.015407931
C85: 安徽 | D85: =0.5*D13+0.5*D50 -> 0.013203271 | E85: =0.5*E13+0.5*E50 -> 0.014268819 | F85: =0.5*F13+0.5*F50 -> 0.021679269 | G85: =0.5*G13+0.5*G50 -> 0.056620163 | H85: =0.5*H13+0.5*H50 -> 0.01156498 | I85: =0.5*I13+0.5*I50 -> 0.011001562 | J85: =0.5*J13+0.5*J50 -> 0.011226792 | K85: =0.5*K13+0.5*K50 -> 0.019001314 | ... AH85: =0.5*AH13+0.5*AH50 -> 0.012813158
C86: 福建 | D86: =0.5*D14+0.5*D51 -> 0.016468504 | E86: =0.5*E14+0.5*E51 -> 0.019188568 | F86: =0.5*F14+0.5*F51 -> 0.021088054 | G86: =0.5*G14+0.5*G51 -> 0.019740519 | H86: =0.5*H14+0.5*H51 -> 0.044776205 | I86: =0.5*I14+0.5*I51 -> 0.029251848 | J86: =0.5*J14+0.5*J51 -> 0.018800226 | K86: =0.5*K14+0.5*K51 -> 0.015608931 | ... AH86: =0.5*AH14+0.5*AH51 -> 0.013084702
... C104: 新疆 | D104: =0.5*D32+0.5*D69 -> 0.017378778 | E104: =0.5*E32+0.5*E69 -> 0.016926243 | F104: =0.5*F32+0.5*F69 -> 0.055841735 | G104: =0.5*G32+0.5*G69 -> 0.033658427 | H104: =0.5*H32+0.5*H69 -> 0.022455483 | I104: =0.5*I32+0.5*I69 -> 0.016766811 | J104: =0.5*J32+0.5*J69 -> 0.021779455 | K104: =0.5*K32+0.5*K69 -> 0.055456863 | ... AH104: =0.5*AH32+0.5*AH69 -> 0

Sheet 空间经济距离矩阵（基于GDP）
A1: 2000-2020年人均GDP差值 | E1: 北京 | F1: 天津 | G1: 河北 | H1: 山西 | I1: 内蒙古 | J1: 辽宁 | K1: 吉林 | L1: 黑龙江 | M1: 上海 | N1: 江苏 | O1: 浙江 | P1: 安徽 | Q1: 福建 | R1: 江西 | S1: 山东 | T1: 河南 | U1: 湖北 | V1: 湖南 | W1: 广东 | X1: 广西 | Y1: 海南 | Z1: 重庆 | AA1: 四川 | AB1: 贵州 | AC1: 云南 | AD1: 西藏 | AE1: 陕西 | AF1: 甘肃 | AG1: 青海 | AH1: 宁夏 | AI1: 新疆
E2: 8.0755955 | F2: 7.0052086 | G2: 2.8453065 | H2: 2.5439215 | I2: 4.2731525 | J2: 3.9071957 | K2: 3.1542437 | L2: 2.6824684 | M2: 8.4268583 | N2: 5.9095777 | O2: 5.4787163 | P2: 2.4864434 | Q2: 4.7187197 | R2: 2.459903 | S2: 4.2175162 | T2: 2.6759095 | U2: 3.3424132 | V2: 2.7958168 | W2: 4.792491 | X2: 2.2252832 | Y2: 2.7189891 | Z2: 3.3299924 | AA2: 2.4972705 | AB2: 1.8439877 | AC2: 2.0072418 | AD2: 2.1829651 | AE2: 3.0830648 | AF2: 1.7444562 | AG2: 2.5986712 | AH2: 2.8062147 | AI2: 2.7600586
A3: 2000-2020 | B3: 8.0755955 | D3: 北京 | E3: =$B3-E$2 -> 0 | F3: =$B3-F$2 -> 1.0703869 | G3: =$B3-G$2 -> 5.230289 | H3: =$B3-H$2 -> 5.531674 | I3: =$B3-I$2 -> 3.802443 | J3: =$B3-J$2 -> 4.1683998 | K3: =$B3-K$2 -> 4.9213518 | L3: =$B3-L$2 -> 5.393127 | ... AI3: =$B3-AI$2 -> 5.3155369
A4: 2000-2020 | B4: 7.0052086 | D4: 天津 | E4: =$B4-E$2 -> -1.0703869 | F4: =$B4-F$2 -> 0 | G4: =$B4-G$2 -> 4.1599021 | H4: =$B4-H$2 -> 4.4612871 | I4: =$B4-I$2 -> 2.7320561 | J4: =$B4-J$2 -> 3.0980129 | K4: =$B4-K$2 -> 3.8509649 | L4: =$B4-L$2 -> 4.3227402 | ... AI4: =$B4-AI$2 -> 4.24515
A5: 2000-2020 | B5: 2.8453065 | D5: 河北 | E5: =$B5-E$2 -> -5.230289 | F5: =$B5-F$2 -> -4.1599021 | G5: =$B5-G$2 -> 0 | H5: =$B5-H$2 -> 0.30138501 | I5: =$B5-I$2 -> -1.427846 | J5: =$B5-J$2 -> -1.0618892 | K5: =$B5-K$2 -> -0.3089372 | L5: =$B5-L$2 -> 0.16283808 | ... AI5: =$B5-AI$2 -> 0.0852479
A6: 2000-2020 | B6: 2.5439215 | D6: 山西 | E6: =$B6-E$2 -> -5.531674 | F6: =$B6-F$2 -> -4.4612871 | G6: =$B6-G$2 -> -0.30138501 | H6: =$B6-H$2 -> 0 | I6: =$B6-I$2 -> -1.729231 | J6: =$B6-J$2 -> -1.3632742 | K6: =$B6-K$2 -> -0.61032221 | L6: =$B6-L$2 -> -0.13854693 | ... AI6: =$B6-AI$2 -> -0.21613711
A7: 2000-2020 | B7: 4.2731525 | D7: 内蒙古 | E7: =$B7-E$2 -> -3.802443 | F7: =$B7-F$2 -> -2.7320561 | G7: =$B7-G$2 -> 1.427846 | H7: =$B7-H$2 -> 1.729231 | I7: =$B7-I$2 -> 0 | J7: =$B7-J$2 -> 0.36595683 | K7: =$B7-K$2 -> 1.1189088 | L7: =$B7-L$2 -> 1.5906841 | ... AI7: =$B7-AI$2 -> 1.5130939
A8: 2000-2020 | B8: 3.9071957 | D8: 辽宁 | E8: =$B8-E$2 -> -4.1683998 | F8: =$B8-F$2 -> -3.0980129 | G8: =$B8-G$2 -> 1.0618892 | H8: =$B8-H$2 -> 1.3632742 | I8: =$B8-I$2 -> -0.36595683 | J8: =$B8-J$2 -> 0 | K8: =$B8-K$2 -> 0.75295197 | L8: =$B8-L$2 -> 1.2247273 | ... AI8: =$B8-AI$2 -> 1.1471371
A9: 2000-2020 | B9: 3.1542437 | D9: 吉林 | E9: =$B9-E$2 -> -4.9213518 | F9: =$B9-F$2 -> -3.8509649 | G9: =$B9-G$2 -> 0.3089372 | H9: =$B9-H$2 -> 0.61032221 | I9: =$B9-I$2 -> -1.1189088 | J9: =$B9-J$2 -> -0.75295197 | K9: =$B9-K$2 -> 0 | L9: =$B9-L$2 -> 0.47177528 | ... AI9: =$B9-AI$2 -> 0.3941851
A10: 2000-2020 | B10: 2.6824684 | D10: 黑龙江 | E10: =$B10-E$2 -> -5.393127 | F10: =$B10-F$2 -> -4.3227402 | G10: =$B10-G$2 -> -0.16283808 | H10: =$B10-H$2 -> 0.13854693 | I10: =$B10-I$2 -> -1.5906841 | J10: =$B10-J$2 -> -1.2247273 | K10: =$B10-K$2 -> -0.47177528 | L10: =$B10-L$2 -> 0 | ... AI10: =$B10-AI$2 -> -0.077590183
A11: 2000-2020 | B11: 8.4268583 | D11: 上海 | E11: =$B11-E$2 -> 0.35126279 | F11: =$B11-F$2 -> 1.4216497 | G11: =$B11-G$2 -> 5.5815518 | H11: =$B11-H$2 -> 5.8829368 | I11: =$B11-I$2 -> 4.1537058 | J11: =$B11-J$2 -> 4.5196626 | K11: =$B11-K$2 -> 5.2726146 | L11: =$B11-L$2 -> 5.7443898 | ... AI11: =$B11-AI$2 -> 5.6667997
A12: 2000-2020 | B12: 5.9095777 | D12: 江苏 | E12: =$B12-E$2 -> -2.1660177 | F12: =$B12-F$2 -> -1.0956308 | G12: =$B12-G$2 -> 3.0642712 | H12: =$B12-H$2 -> 3.3656562 | I12: =$B12-I$2 -> 1.6364252 | J12: =$B12-J$2 -> 2.0023821 | K12: =$B12-K$2 -> 2.755334 | L12: =$B12-L$2 -> 3.2271093 | ... AI12: =$B12-AI$2 -> 3.1495191
A13: 2000-2020 | B13: 5.4787163 | D13: 浙江 | E13: =$B13-E$2 -> -2.5968792 | F13: =$B13-F$2 -> -1.5264923 | G13: =$B13-G$2 -> 2.6334098 | H13: =$B13-H$2 -> 2.9347948 | I13: =$B13-I$2 -> 1.2055638 | J13: =$B13-J$2 -> 1.5715206 | K13: =$B13-K$2 -> 2.3244726 | L13: =$B13-L$2 -> 2.7962479 | ... AI13: =$B13-AI$2 -> 2.7186577
A14: 2000-2020 | B14: 2.4864434 | D14: 安徽 | E14: =$B14-E$2 -> -5.589152 | F14: =$B14-F$2 -> -4.5187651 | G14: =$B14-G$2 -> -0.35886307 | H14: =$B14-H$2 -> -0.057478062 | I14: =$B14-I$2 -> -1.7867091 | J14: =$B14-J$2 -> -1.4207522 | K14: =$B14-K$2 -> -0.66780027 | L14: =$B14-L$2 -> -0.19602499 | ... AI14: =$B14-AI$2 -> -0.27361517
... A33: 2000-2020 | B33: 2.7600586 | D33: 新疆 | E33: =$B33-E$2 -> -5.3155369 | F33: =$B33-F$2 -> -4.24515 | G33: =$B33-G$2 -> -0.0852479 | H33: =$B33-H$2 -> 0.21613711 | I33: =$B33-I$2 -> -1.5130939 | J33: =$B33-J$2 -> -1.1471371 | K33: =$B33-K$2 -> -0.3941851 | L33: =$B33-L$2 -> 0.077590183 | ... AI33: =$B33-AI$2 -> 0
B35: 1/绝对值 | E35: 北京 | F35: 天津 | G35: 河北 | H35: 山西 | I35: 内蒙古 | J35: 辽宁 | K35: 吉林 | L35: 黑龙江 | M35: 上海 | N35: 江苏 | O35: 浙江 | P35: 安徽 | Q35: 福建 | R35: 江西 | S35: 山东 | T35: 河南 | U35: 湖北 | V35: 湖南 | W35: 广东 | X35: 广西 | Y35: 海南 | Z35: 重庆 | AA35: 四川 | AB35: 贵州 | AC35: 云南 | AD35: 西藏 | AE35: 陕西 | AF35: 甘肃 | AG35: 青海 | AH35: 宁夏 | AI35: 新疆
D36: 北京 | E36: 0 | F36: =1/ABS(F3) -> 0.93424164 | G36: =1/ABS(G3) -> 0.19119403 | H36: =1/ABS(H3) -> 0.1807771 | I36: =1/ABS(I3) -> 0.26298882 | J36: =1/ABS(J3) -> 0.23990021 | K36: =1/ABS(K3) -> 0.2031962 | L36: =1/ABS(L3) -> 0.18542118 | M36: =1/ABS(M3) -> 2.8468714 | ... AI36: =1/ABS(AI3) -> 0.18812775 | AJ36: =SUM(E36:AI36) -> 9.8571941 | AK36: =$AJ36 -> 9.8571941 | AL36: =$AJ36 -> 9.8571941 | AM36: =$AJ36 -> 9.8571941 | AN36: =$AJ36 -> 9.8571941 | AO36: =$AJ36 -> 9.8571941 | AP36: =$AJ36 -> 9.8571941 | AQ36: =$AJ36 -> 9.8571941 | AR36: =$AJ36 -> 9.8571941 | ... BN36: =$AJ36 -> 9.8571941
D37: 天津 | E37: =1/ABS(E4) -> 0.93424164 | F37: 0 | G37: =1/ABS(G4) -> 0.24039027 | H37: =1/ABS(H4) -> 0.22415056 | I37: =1/ABS(I4) -> 0.3660247 | J37: =1/ABS(J4) -> 0.32278755 | K37: =1/ABS(K4) -> 0.25967518 | L37: =1/ABS(L4) -> 0.23133475 | M37: =1/ABS(M4) -> 0.70340817 | N37: =1/ABS(N4) -> 0.91271618 | ... AI37: =1/ABS(AI4) -> 0.23556294 | AJ37: =SUM(E37:AI37) -> 9.9640449 | AK37: =$AJ37 -> 9.9640449 | AL37: =$AJ37 -> 9.9640449 | AM37: =$AJ37 -> 9.9640449 | AN37: =$AJ37 -> 9.9640449 | AO37: =$AJ37 -> 9.9640449 | AP37: =$AJ37 -> 9.9640449 | AQ37: =$AJ37 -> 9.9640449 | AR37: =$AJ37 -> 9.9640449 | ... BN37: =$AJ37 -> 9.9640449
D38: 河北 | E38: =1/ABS(E5) -> 0.19119403 | F38: =1/ABS(F5) -> 0.24039027 | G38: 0 | H38: =1/ABS(H5) -> 3.3180151 | I38: =1/ABS(I5) -> 0.70035564 | J38: =1/ABS(J5) -> 0.94171786 | K38: =1/ABS(K5) -> 3.2369038 | L38: =1/ABS(L5) -> 6.1410696 | M38: =1/ABS(M5) -> 0.17916165 | N38: =1/ABS(N5) -> 0.32634187 | O38: =1/ABS(O5) -> 0.37973581 | ... AI38: =1/ABS(AI5) -> 11.730494 | AJ38: =SUM(E38:AI38) -> 115.5812 | AK38: =$AJ38 -> 115.5812 | AL38: =$AJ38 -> 115.5812 | AM38: =$AJ38 -> 115.5812 | AN38: =$AJ38 -> 115.5812 | AO38: =$AJ38 -> 115.5812 | AP38: =$AJ38 -> 115.5812 | AQ38: =$AJ38 -> 115.5812 | AR38: =$AJ38 -> 115.5812 | ... BN38: =$AJ38 -> 115.5812
D39: 山西 | E39: =1/ABS(E6) -> 0.1807771 | F39: =1/ABS(F6) -> 0.22415056 | G39: =1/ABS(G6) -> 3.3180151 | H39: 0 | I39: =1/ABS(I6) -> 0.57829174 | J39: =1/ABS(J6) -> 0.73352816 | K39: =1/ABS(K6) -> 1.6384788 | L39: =1/ABS(L6) -> 7.217771 | M39: =1/ABS(M6) -> 0.16998313 | N39: =1/ABS(N6) -> 0.29711888 | O39: =1/ABS(O6) -> 0.34073932 | P39: =1/ABS(P6) -> 17.397942 | ... AI39: =1/ABS(AI6) -> 4.6266927 | AJ39: =SUM(E39:AI39) -> 125.73026 | AK39: =$AJ39 -> 125.73026 | AL39: =$AJ39 -> 125.73026 | AM39: =$AJ39 -> 125.73026 | AN39: =$AJ39 -> 125.73026 | AO39: =$AJ39 -> 125.73026 | AP39: =$AJ39 -> 125.73026 | AQ39: =$AJ39 -> 125.73026 | AR39: =$AJ39 -> 125.73026 | ... BN39: =$AJ39 -> 125.73026
D40: 内蒙古 | E40: =1/ABS(E7) -> 0.26298882 | F40: =1/ABS(F7) -> 0.3660247 | G40: =1/ABS(G7) -> 0.70035564 | H40: =1/ABS(H7) -> 0.57829174 | I40: 0 | J40: =1/ABS(J7) -> 2.7325628 | K40: =1/ABS(K7) -> 0.89372789 | L40: =1/ABS(L7) -> 0.62866034 | M40: =1/ABS(M7) -> 0.24074888 | N40: =1/ABS(N7) -> 0.61108811 | O40: =1/ABS(O7) -> 0.82948741 | P40: =1/ABS(P7) -> 0.55968821 | Q40: =1/ABS(Q7) -> 2.2443305 | ... AI40: =1/ABS(AI7) -> 0.66089752 | AJ40: =SUM(E40:AI40) -> 40.738286 | AK40: =$AJ40 -> 40.738286 | AL40: =$AJ40 -> 40.738286 | AM40: =$AJ40 -> 40.738286 | AN40: =$AJ40 -> 40.738286 | AO40: =$AJ40 -> 40.738286 | AP40: =$AJ40 -> 40.738286 | AQ40: =$AJ40 -> 40.738286 | AR40: =$AJ40 -> 40.738286 | ... BN40: =$AJ40 -> 40.738286
D41: 辽宁 | E41: =1/ABS(E8) -> 0.23990021 | F41: =1/ABS(F8) -> 0.32278755 | G41: =1/ABS(G8) -> 0.94171786 | H41: =1/ABS(H8) -> 0.73352816 | I41: =1/ABS(I8) -> 2.7325628 | J41: 0 | K41: =1/ABS(K8) -> 1.328106 | L41: =1/ABS(L8) -> 0.81650833 | M41: =1/ABS(M8) -> 0.22125545 | N41: =1/ABS(N8) -> 0.4994052 | O41: =1/ABS(O8) -> 0.63632636 | P41: =1/ABS(P8) -> 0.70385249 | Q41: =1/ABS(Q8) -> 1.2322494 | R41: =1/ABS(R8) -> 0.69094526 | ... AI41: =1/ABS(AI8) -> 0.87173541 | AJ41: =SUM(E41:AI41) -> 28.622628 | AK41: =$AJ41 -> 28.622628 | AL41: =$AJ41 -> 28.622628 | AM41: =$AJ41 -> 28.622628 | AN41: =$AJ41 -> 28.622628 | AO41: =$AJ41 -> 28.622628 | AP41: =$AJ41 -> 28.622628 | AQ41: =$AJ41 -> 28.622628 | AR41: =$AJ41 -> 28.622628 | ... BN41: =$AJ41 -> 28.622628
D42: 吉林 | E42: =1/ABS(E9) -> 0.2031962 | F42: =1/ABS(F9) -> 0.25967518 | G42: =1/ABS(G9) -> 3.2369038 | H42: =1/ABS(H9) -> 1.6384788 | I42: =1/ABS(I9) -> 0.89372789 | J42: =1/ABS(J9) -> 1.328106 | K42: 0 | L42: =1/ABS(L9) -> 2.1196532 | M42: =1/ABS(M9) -> 0.18965923 | N42: =1/ABS(N9) -> 0.3629324 | O42: =1/ABS(O9) -> 0.43020511 | P42: =1/ABS(P9) -> 1.4974537 | Q42: =1/ABS(Q9) -> 0.63919166 | R42: =1/ABS(R9) -> 1.4402152 | S42: =1/ABS(S9) -> 0.94049269 | ... AI42: =1/ABS(AI9) -> 2.5368793 | AJ42: =SUM(E42:AI42) -> 61.204463 | AK42: =$AJ42 -> 61.204463 | AL42: =$AJ42 -> 61.204463 | AM42: =$AJ42 -> 61.204463 | AN42: =$AJ42 -> 61.204463 | AO42: =$AJ42 -> 61.204463 | AP42: =$AJ42 -> 61.204463 | AQ42: =$AJ42 -> 61.204463 | AR42: =$AJ42 -> 61.204463 | ... BN42: =$AJ42 -> 61.204463
D43: 黑龙江 | E43: =1/ABS(E10) -> 0.18542118 | F43: =1/ABS(F10) -> 0.23133475 | G43: =1/ABS(G10) -> 6.1410696 | H43: =1/ABS(H10) -> 7.217771 | I43: =1/ABS(I10) -> 0.62866034 | J43: =1/ABS(J10) -> 0.81650833 | K43: =1/ABS(K10) -> 2.1196532 | L43: 0 | M43: =1/ABS(M10) -> 0.17408289 | N43: =1/ABS(N10) -> 0.30987485 | O43: =1/ABS(O10) -> 0.35762208 | P43: =1/ABS(P10) -> 5.1013904 | Q43: =1/ABS(Q10) -> 0.49109853 | R43: =1/ABS(R10) -> 4.4930612 | S43: =1/ABS(S10) -> 0.65144553 | T43: =1/ABS(T10) -> 152.46358 | ... AI43: =1/ABS(AI10) -> 12.888228 | AJ43: =SUM(E43:AI43) -> 269.84798 | AK43: =$AJ43 -> 269.84798 | AL43: =$AJ43 -> 269.84798 | AM43: =$AJ43 -> 269.84798 | AN43: =$AJ43 -> 269.84798 | AO43: =$AJ43 -> 269.84798 | AP43: =$AJ43 -> 269.84798 | AQ43: =$AJ43 -> 269.84798 | AR43: =$AJ43 -> 269.84798 | ... BN43: =$AJ43 -> 269.84798
D44: 上海 | E44: =1/ABS(E11) -> 2.8468714 | F44: =1/ABS(F11) -> 0.70340817 | G44: =1/ABS(G11) -> 0.17916165 | H44: =1/ABS(H11) -> 0.16998313 | I44: =1/ABS(I11) -> 0.24074888 | J44: =1/ABS(J11) -> 0.22125545 | K44: =1/ABS(K11) -> 0.18965923 | L44: =1/ABS(L11) -> 0.17408289 | M44: 0 | N44: =1/ABS(N11) -> 0.3972541 | O44: =1/ABS(O11) -> 0.33919669 | P44: =1/ABS(P11) -> 0.16833841 | Q44: =1/ABS(Q11) -> 0.26967708 | R44: =1/ABS(R11) -> 0.16758966 | S44: =1/ABS(S11) -> 0.23756682 | T44: =1/ABS(T11) -> 0.17388435 | U44: =1/ABS(U11) -> 0.1966783 | ... AI44: =1/ABS(AI11) -> 0.17646645 | AJ44: =SUM(E44:AI44) -> 9.1599654 | AK44: =$AJ44 -> 9.1599654 | AL44: =$AJ44 -> 9.1599654 | AM44: =$AJ44 -> 9.1599654 | AN44: =$AJ44 -> 9.1599654 | AO44: =$AJ44 -> 9.1599654 | AP44: =$AJ44 -> 9.1599654 | AQ44: =$AJ44 -> 9.1599654 | AR44: =$AJ44 -> 9.1599654 | ... BN44: =$AJ44 -> 9.1599654
D45: 江苏 | E45: =1/ABS(E12) -> 0.46167674 | F45: =1/ABS(F12) -> 0.91271618 | G45: =1/ABS(G12) -> 0.32634187 | H45: =1/ABS(H12) -> 0.29711888 | I45: =1/ABS(I12) -> 0.61108811 | J45: =1/ABS(J12) -> 0.4994052 | K45: =1/ABS(K12) -> 0.3629324 | L45: =1/ABS(L12) -> 0.30987485 | M45: =1/ABS(M12) -> 0.3972541 | N45: 0 | O45: =1/ABS(O12) -> 2.3209319 | P45: =1/ABS(P12) -> 0.29212994 | Q45: =1/ABS(Q12) -> 0.83973065 | R45: =1/ABS(R12) -> 0.2898824 | S45: =1/ABS(S12) -> 0.59099505 | T45: =1/ABS(T12) -> 0.30924632 | U45: =1/ABS(U12) -> 0.38953484 | V45: =1/ABS(V12) -> 0.32115504 | ... AI45: =1/ABS(AI12) -> 0.31750879 | AJ45: =SUM(E45:AI45) -> 13.998978 | AK45: =$AJ45 -> 13.998978 | AL45: =$AJ45 -> 13.998978 | AM45: =$AJ45 -> 13.998978 | AN45: =$AJ45 -> 13.998978 | AO45: =$AJ45 -> 13.998978 | AP45: =$AJ45 -> 13.998978 | AQ45: =$AJ45 -> 13.998978 | AR45: =$AJ45 -> 13.998978 | ... BN45: =$AJ45 -> 13.998978
D46: 浙江 | E46: =1/ABS(E13) -> 0.3850776 | F46: =1/ABS(F13) -> 0.65509667 | G46: =1/ABS(G13) -> 0.37973581 | H46: =1/ABS(H13) -> 0.34073932 | I46: =1/ABS(I13) -> 0.82948741 | J46: =1/ABS(J13) -> 0.63632636 | K46: =1/ABS(K13) -> 0.43020511 | L46: =1/ABS(L13) -> 0.35762208 | ... N46: =1/ABS(N13) -> 2.3209319 | O46: 0 | P46: =1/ABS(P13) -> 0.33419412 | Q46: =1/ABS(Q13) -> 1.3157953 | R46: =1/ABS(R13) -> 0.33125599 | S46: =1/ABS(S13) -> 0.79289558 | T46: =1/ABS(T13) -> 0.3567852 | U46: =1/ABS(U13) -> 0.46809838 | V46: =1/ABS(V13) -> 0.37273107 | W46: =1/ABS(W13) -> 1.4572474 | ... AI46: =1/ABS(AI13) -> 0.36782858 | AJ46: =SUM(E46:AI46) -> 16.214991 | AK46: =$AJ46 -> 16.214991 | AL46: =$AJ46 -> 16.214991 | AM46: =$AJ46 -> 16.214991 | AN46: =$AJ46 -> 16.214991 | AO46: =$AJ46 -> 16.214991 | AP46: =$AJ46 -> 16.214991 | AQ46: =$AJ46 -> 16.214991 | AR46: =$AJ46 -> 16.214991 | ... BN46: =$AJ46 -> 16.214991
D47: 安徽 | E47: =1/ABS(E14) -> 0.17891802 | F47: =1/ABS(F14) -> 0.2212994 | G47: =1/ABS(G14) -> 2.7865782 | H47: =1/ABS(H14) -> 17.397942 | I47: =1/ABS(I14) -> 0.55968821 | J47: =1/ABS(J14) -> 0.70385249 | K47: =1/ABS(K14) -> 1.4974537 | L47: =1/ABS(L14) -> 5.1013904 | ... O47: =1/ABS(O14) -> 0.33419412 | P47: 0 | Q47: =1/ABS(Q14) -> 0.44797323 | R47: =1/ABS(R14) -> 37.678382 | S47: =1/ABS(S14) -> 0.57767647 | T47: =1/ABS(T14) -> 5.2779905 | U47: =1/ABS(U14) -> 1.1682655 | V47: =1/ABS(V14) -> 3.2323401 | W47: =1/ABS(W14) -> 0.4336424 | X47: =1/ABS(X14) -> 3.8290668 | ... AI47: =1/ABS(AI14) -> 3.6547681 | AJ47: =SUM(E47:AI47) -> 205.3891 | AK47: =$AJ47 -> 205.3891 | AL47: =$AJ47 -> 205.3891 | AM47: =$AJ47 -> 205.3891 | AN47: =$AJ47 -> 205.3891 | AO47: =$AJ47 -> 205.3891 | AP47: =$AJ47 -> 205.3891 | AQ47: =$AJ47 -> 205.3891 | AR47: =$AJ47 -> 205.3891 | ... BN47: =$AJ47 -> 205.3891
D48: 福建 | E48: =1/ABS(E15) -> 0.29789604 | F48: =1/ABS(F15) -> 0.43735178 | G48: =1/ABS(G15) -> 0.53378508 | H48: =1/ABS(H15) -> 0.45981278 | I48: =1/ABS(I15) -> 2.2443305 | J48: =1/ABS(J15) -> 1.2322494 | K48: =1/ABS(K15) -> 0.63919166 | L48: =1/ABS(L15) -> 0.49109853 | ... P48: =1/ABS(P15) -> 0.44797323 | Q48: 0 | R48: =1/ABS(R15) -> 0.44270968 | S48: =1/ABS(S15) -> 1.9951976 | T48: =1/ABS(T15) -> 0.48952174 | U48: =1/ABS(U15) -> 0.72658237 | V48: =1/ABS(V15) -> 0.52004707 | W48: =1/ABS(W15) -> 13.555399 | X48: =1/ABS(X15) -> 0.40105293 | Y48: =1/ABS(Y15) -> 0.50006736 | ... AI48: =1/ABS(AI15) -> 0.51055285 | AJ48: =SUM(E48:AI48) -> 32.573439 | AK48: =$AJ48 -> 32.573439 | AL48: =$AJ48 -> 32.573439 | AM48: =$AJ48 -> 32.573439 | AN48: =$AJ48 -> 32.573439 | AO48: =$AJ48 -> 32.573439 | AP48: =$AJ48 -> 32.573439 | AQ48: =$AJ48 -> 32.573439 | AR48: =$AJ48 -> 32.573439 | ... BN48: =$AJ48 -> 32.573439
D49: 江西 | E49: =1/ABS(E16) -> 0.17807243 | F49: =1/ABS(F16) -> 0.22000721 | G49: =1/ABS(G16) -> 2.5946833 | H49: =1/ABS(H16) -> 11.902143 | I49: =1/ABS(I16) -> 0.55149609 | J49: =1/ABS(J16) -> 0.69094526 | K49: =1/ABS(K16) -> 1.4402152 | L49: =1/ABS(L16) -> 4.4930612 | ... Q49: =1/ABS(Q16) -> 0.44270968 | R49: 0 | S49: =1/ABS(S16) -> 0.56895341 | T49: =1/ABS(T16) -> 4.6294911 | U49: =1/ABS(U16) -> 1.1331314 | V49: =1/ABS(V16) -> 2.9769542 | W49: =1/ABS(W16) -> 0.42870837 | X49: =1/ABS(X16) -> 4.2622144 | Y49: =1/ABS(Y16) -> 3.8597212 | Z49: =1/ABS(Z16) -> 1.1493072 | ... AI49: =1/ABS(AI16) -> 3.3316055 | AJ49: =SUM(E49:AI49) -> 130.62176 | AK49: =$AJ49 -> 130.62176 | AL49: =$AJ49 -> 130.62176 | AM49: =$AJ49 -> 130.62176 | AN49: =$AJ49 -> 130.62176 | AO49: =$AJ49 -> 130.62176 | AP49: =$AJ49 -> 130.62176 | AQ49: =$AJ49 -> 130.62176 | AR49: =$AJ49 -> 130.62176 | ... BN49: =$AJ49 -> 130.62176
D50: 山东 | E50: =1/ABS(E17) -> 0.25919633 | F50: =1/ABS(F17) -> 0.35871964 | G50: =1/ABS(G17) -> 0.7287516 | H50: =1/ABS(H17) -> 0.59751624 | I50: =1/ABS(I17) -> 17.973871 | J50: =1/ABS(J17) -> 3.2224747 | K50: =1/ABS(K17) -> 0.94049269 | L50: =1/ABS(L17) -> 0.65144553 | ... R50: =1/ABS(R17) -> 0.56895341 | S50: 0 | T50: =1/ABS(T17) -> 0.64867388 | U50: =1/ABS(U17) -> 1.1427227 | V50: =1/ABS(V17) -> 0.70338359 | W50: =1/ABS(W17) -> 1.7392066 | X50: =1/ABS(X17) -> 0.50194932 | Y50: =1/ABS(Y17) -> 0.66732193 | Z50: =1/ABS(Z17) -> 1.1267303 | AA50: =1/ABS(AA17) -> 0.5813123 | ... AI50: =1/ABS(AI17) -> 0.68612632 | AJ50: =SUM(E50:AI50) -> 41.270566 | AK50: =$AJ50 -> 41.270566 | AL50: =$AJ50 -> 41.270566 | AM50: =$AJ50 -> 41.270566 | AN50: =$AJ50 -> 41.270566 | AO50: =$AJ50 -> 41.270566 | AP50: =$AJ50 -> 41.270566 | AQ50: =$AJ50 -> 41.270566 | AR50: =$AJ50 -> 41.270566 | ... BN50: =$AJ50 -> 41.270566
D51: 河南 | E51: =1/ABS(E18) -> 0.18519595 | F51: =1/ABS(F18) -> 0.23098427 | G51: =1/ABS(G18) -> 5.9032914 | H51: =1/ABS(H18) -> 7.5764472 | I51: =1/ABS(I18) -> 0.6260788 | J51: =1/ABS(J18) -> 0.81215886 | K51: =1/ABS(K18) -> 2.0905884 | L51: =1/ABS(L18) -> 152.46358 | ... S51: =1/ABS(S18) -> 0.64867388 | T51: 0 | U51: =1/ABS(U18) -> 1.5003666 | V51: =1/ABS(V18) -> 8.3397732 | W51: =1/ABS(W18) -> 0.47245995 | X51: =1/ABS(X18) -> 2.2191337 | Y51: =1/ABS(Y18) -> 23.212838 | Z51: =1/ABS(Z18) -> 1.5288582 | AA51: =1/ABS(AA18) -> 5.5978809 | AB51: =1/ABS(AB18) -> 1.202036 | ... AI51: =1/ABS(AI18) -> 11.883665 | AJ51: =SUM(E51:AI51) -> 265.40596 | AK51: =$AJ51 -> 265.40596 | AL51: =$AJ51 -> 265.40596 | AM51: =$AJ51 -> 265.40596 | AN51: =$AJ51 -> 265.40596 | AO51: =$AJ51 -> 265.40596 | AP51: =$AJ51 -> 265.40596 | AQ51: =$AJ51 -> 265.40596 | AR51: =$AJ51 -> 265.40596 | ... BN51: =$AJ51 -> 265.40596
D52: 湖北 | E52: =1/ABS(E19) -> 0.21127435 | F52: =1/ABS(F19) -> 0.27301553 | G52: =1/ABS(G19) -> 2.0116404 | H52: =1/ABS(H19) -> 1.2523611 | I52: =1/ABS(I19) -> 1.0744148 | J52: =1/ABS(J19) -> 1.7705933 | K52: =1/ABS(K19) -> 5.3143567 | L52: =1/ABS(L19) -> 1.5152782 | ... T52: =1/ABS(T19) -> 1.5003666 | U52: 0 | V52: =1/ABS(V19) -> 1.8295034 | W52: =1/ABS(W19) -> 0.68961818 | X52: =1/ABS(X19) -> 0.89515093 | Y52: =1/ABS(Y19) -> 1.6040444 | Z52: =1/ABS(Z19) -> 80.509711 | AA52: =1/ABS(AA19) -> 1.183232 | AB52: =1/ABS(AB19) -> 0.66736715 | AC52: =1/ABS(AC19) -> 0.74896746 | ... AI52: =1/ABS(AI19) -> 1.7171667 | AJ52: =SUM(E52:AI52) -> 118.5467 | AK52: =$AJ52 -> 118.5467 | AL52: =$AJ52 -> 118.5467 | AM52: =$AJ52 -> 118.5467 | AN52: =$AJ52 -> 118.5467 | AO52: =$AJ52 -> 118.5467 | AP52: =$AJ52 -> 118.5467 | AQ52: =$AJ52 -> 118.5467 | AR52: =$AJ52 -> 118.5467 | ... BN52: =$AJ52 -> 118.5467
D53: 湖南 | E53: =1/ABS(E20) -> 0.18940188 | F53: =1/ABS(F20) -> 0.23756401 | G53: =1/ABS(G20) -> 20.20623 | H53: =1/ABS(H20) -> 3.969903 | I53: =1/ABS(I20) -> 0.67689423 | J53: =1/ABS(J20) -> 0.89978318 | K53: =1/ABS(K20) -> 2.7899693 | L53: =1/ABS(L20) -> 8.822357 | ... U53: =1/ABS(U20) -> 1.8295034 | V53: 0 | W53: =1/ABS(W20) -> 0.50083283 | X53: =1/ABS(X20) -> 1.7527451 | Y53: =1/ABS(Y20) -> 13.016134 | Z53: =1/ABS(Z20) -> 1.8720437 | AA53: =1/ABS(AA20) -> 3.3495635 | AB53: =1/ABS(AB20) -> 1.0506087 | AC53: =1/ABS(AC20) -> 1.2681101 | AD53: =1/ABS(AD20) -> 1.6317162 | ... AI53: =1/ABS(AI20) -> 27.965604 | AJ53: =SUM(E53:AI53) -> 214.35109 | AK53: =$AJ53 -> 214.35109 | AL53: =$AJ53 -> 214.35109 | AM53: =$AJ53 -> 214.35109 | AN53: =$AJ53 -> 214.35109 | AO53: =$AJ53 -> 214.35109 | AP53: =$AJ53 -> 214.35109 | AQ53: =$AJ53 -> 214.35109 | AR53: =$AJ53 -> 214.35109 | ... BN53: =$AJ53 -> 214.35109
D54: 广东 | E54: =1/ABS(E21) -> 0.30458976 | F54: =1/ABS(F21) -> 0.45193296 | G54: =1/ABS(G21) -> 0.51356201 | H54: =1/ABS(H21) -> 0.44472719 | I54: =1/ABS(I21) -> 1.9255263 | J54: =1/ABS(J21) -> 1.1295665 | K54: =1/ABS(K21) -> 0.61040845 | L54: =1/ABS(L21) -> 0.47392857 | ... V54: =1/ABS(V21) -> 0.50083283 | W54: 0 | X54: =1/ABS(X21) -> 0.38952826 | Y54: =1/ABS(Y21) -> 0.48227589 | Z54: =1/ABS(Z21) -> 0.68376131 | AA54: =1/ABS(AA21) -> 0.43568797 | AB54: =1/ABS(AB21) -> 0.33915512 | AC54: =1/ABS(AC21) -> 0.35903429 | AD54: =1/ABS(AD21) -> 0.38321137 | AE54: =1/ABS(AE21) -> 0.5849916 | ... AI54: =1/ABS(AI21) -> 0.49202128 | AJ54: =SUM(E54:AI54) -> 31.738721 | AK54: =$AJ54 -> 31.738721 | AL54: =$AJ54 -> 31.738721 | AM54: =$AJ54 -> 31.738721 | AN54: =$AJ54 -> 31.738721 | AO54: =$AJ54 -> 31.738721 | AP54: =$AJ54 -> 31.738721 | AQ54: =$AJ54 -> 31.738721 | AR54: =$AJ54 -> 31.738721 | ... BN54: =$AJ54 -> 31.738721
D55: 广西 | E55: =1/ABS(E22) -> 0.17093105 | F55: =1/ABS(F22) -> 0.20920829 | G55: =1/ABS(G22) -> 1.6128426 | H55: =1/ABS(H22) -> 3.1383546 | I55: =1/ABS(I22) -> 0.48831241 | J55: =1/ABS(J22) -> 0.59456126 | K55: =1/ABS(K22) -> 1.076472 | L55: =1/ABS(L22) -> 2.1872973 | ... W55: =1/ABS(W22) -> 0.38952826 | X55: 0 | Y55: =1/ABS(Y22) -> 2.0254974 | Z55: =1/ABS(Z22) -> 0.90521562 | AA55: =1/ABS(AA22) -> 3.6766428 | AB55: =1/ABS(AB22) -> 2.6226377 | AC55: =1/ABS(AC22) -> 4.586284 | AD55: =1/ABS(AD22) -> 23.630574 | AE55: =1/ABS(AE22) -> 1.1657979 | AF55: =1/ABS(AF22) -> 2.0797499 | ... AI55: =1/ABS(AI22) -> 1.8699439 | AJ55: =SUM(E55:AI55) -> 71.430756 | AK55: =$AJ55 -> 71.430756 | AL55: =$AJ55 -> 71.430756 | AM55: =$AJ55 -> 71.430756 | AN55: =$AJ55 -> 71.430756 | AO55: =$AJ55 -> 71.430756 | AP55: =$AJ55 -> 71.430756 | AQ55: =$AJ55 -> 71.430756 | AR55: =$AJ55 -> 71.430756 | ... BN55: =$AJ55 -> 71.430756
D56: 海南 | E56: =1/ABS(E23) -> 0.18668536 | F56: =1/ABS(F23) -> 0.23330583 | G56: =1/ABS(G23) -> 7.9165647 | H56: =1/ABS(H23) -> 5.7120794 | I56: =1/ABS(I23) -> 0.64343298 | J56: =1/ABS(J23) -> 0.84160449 | K56: =1/ABS(K23) -> 2.2975058 | L56: =1/ABS(L23) -> 27.381757 | ... X56: =1/ABS(X23) -> 2.0254974 | Y56: 0 | Z56: =1/ABS(Z23) -> 1.6366524 | AA56: =1/ABS(AA23) -> 4.5102208 | AB56: =1/ABS(AB23) -> 1.1428553 | AC56: =1/ABS(AC23) -> 1.404993 | AD56: =1/ABS(AD23) -> 1.8655883 | AE56: =1/ABS(AE23) -> 2.7466816 | AF56: =1/ABS(AF23) -> 1.0261326 | AG56: =1/ABS(AG23) -> 8.3113168 | ... AI56: =1/ABS(AI23) -> 24.34896 | AJ56: =SUM(E56:AI56) -> 154.18996 | AK56: =$AJ56 -> 154.18996 | AL56: =$AJ56 -> 154.18996 | AM56: =$AJ56 -> 154.18996 | AN56: =$AJ56 -> 154.18996 | AO56: =$AJ56 -> 154.18996 | AP56: =$AJ56 -> 154.18996 | AQ56: =$AJ56 -> 154.18996 | AR56: =$AJ56 -> 154.18996 | ... BN56: =$AJ56 -> 154.18996
D57: 重庆 | E57: =1/ABS(E24) -> 0.21072137 | F57: =1/ABS(F24) -> 0.27209284 | G57: =1/ABS(G24) -> 2.063192 | H57: =1/ABS(H24) -> 1.2721499 | I57: =1/ABS(I24) -> 1.0602653 | J57: =1/ABS(J24) -> 1.7324918 | K57: =1/ABS(K24) -> 5.6899435 | L57: =1/ABS(L24) -> 1.5443444 | ... Y57: =1/ABS(Y24) -> 1.6366524 | Z57: 0 | AA57: =1/ABS(AA24) -> 1.2008811 | AB57: =1/ABS(AB24) -> 0.67294538 | AC57: =1/ABS(AC24) -> 0.7560004 | AD57: =1/ABS(AD24) -> 0.87181888 | AE57: =1/ABS(AE24) -> 4.0497702 | AF57: =1/ABS(AF24) -> 0.63070146 | AG57: =1/ABS(AG24) -> 1.3673883 | AH57: =1/ABS(AH24) -> 1.9092071 | AI57: =1/ABS(AI24) -> 1.7545898 | AJ57: =SUM(E57:AI57) -> 119.42559 | AK57: =$AJ57 -> 119.42559 | AL57: =$AJ57 -> 119.42559 | AM57: =$AJ57 -> 119.42559 | AN57: =$AJ57 -> 119.42559 | AO57: =$AJ57 -> 119.42559 | AP57: =$AJ57 -> 119.42559 | AQ57: =$AJ57 -> 119.42559 | AR57: =$AJ57 -> 119.42559 | ... BN57: =$AJ57 -> 119.42559
D58: 四川 | E58: =1/ABS(E25) -> 0.17926528 | F58: =1/ABS(F25) -> 0.22183091 | G58: =1/ABS(G25) -> 2.8732655 | H58: =1/ABS(H25) -> 21.435748 | I58: =1/ABS(I25) -> 0.56310046 | J58: =1/ABS(J25) -> 0.70925747 | K58: =1/ABS(K25) -> 1.522132 | L58: =1/ABS(L25) -> 5.3996272 | ... Z58: =1/ABS(Z25) -> 1.2008811 | AA58: 0 | AB58: =1/ABS(AB25) -> 1.5307307 | AC58: =1/ABS(AC25) -> 2.0406968 | AD58: =1/ABS(AD25) -> 3.1816197 | AE58: =1/ABS(AE25) -> 1.7070838 | AF58: =1/ABS(AF25) -> 1.3283488 | AG58: =1/ABS(AG25) -> 9.8618591 | AH58: =1/ABS(AH25) -> 3.2368298 | AI58: =1/ABS(AI25) -> 3.8053466 | AJ58: =SUM(E58:AI58) -> 200.50223 | AK58: =$AJ58 -> 200.50223 | AL58: =$AJ58 -> 200.50223 | AM58: =$AJ58 -> 200.50223 | AN58: =$AJ58 -> 200.50223 | AO58: =$AJ58 -> 200.50223 | AP58: =$AJ58 -> 200.50223 | AQ58: =$AJ58 -> 200.50223 | AR58: =$AJ58 -> 200.50223 | ... BN58: =$AJ58 -> 200.50223
D59: 贵州 | E59: =1/ABS(E26) -> 0.16047223 | F59: =1/ABS(F26) -> 0.19375261 | G59: =1/ABS(G26) -> 0.9986829 | H59: =1/ABS(H26) -> 1.4287065 | I59: =1/ABS(I26) -> 0.41166412 | J59: =1/ABS(J26) -> 0.48468211 | K59: =1/ABS(K26) -> 0.76320961 | L59: =1/ABS(L26) -> 1.1926332 | ... AA59: =1/ABS(AA26) -> 1.5307307 | AB59: 0 | AC59: =1/ABS(AC26) -> 6.1254213 | AD59: =1/ABS(AD26) -> 2.9500486 | AE59: =1/ABS(AE26) -> 0.80705228 | AF59: =1/ABS(AF26) -> 10.047069 | AG59: =1/ABS(AG26) -> 1.3250587 | AH59: =1/ABS(AH26) -> 1.0392558 | AI59: =1/ABS(AI26) -> 1.0916185 | AJ59: =SUM(E59:AI59) -> 42.869963 | AK59: =$AJ59 -> 42.869963 | AL59: =$AJ59 -> 42.869963 | AM59: =$AJ59 -> 42.869963 | AN59: =$AJ59 -> 42.869963 | AO59: =$AJ59 -> 42.869963 | AP59: =$AJ59 -> 42.869963 | AQ59: =$AJ59 -> 42.869963 | AR59: =$AJ59 -> 42.869963 | ... BN59: =$AJ59 -> 42.869963
D60: 云南 | E60: =1/ABS(E27) -> 0.16478934 | F60: =1/ABS(F27) -> 0.20008136 | G60: =1/ABS(G27) -> 1.1932252 | H60: =1/ABS(H27) -> 1.8633086 | I60: =1/ABS(I27) -> 0.44132365 | J60: =1/ABS(J27) -> 0.52632855 | K60: =1/ABS(K27) -> 0.87183809 | L60: =1/ABS(L27) -> 1.4809841 | ... AB60: =1/ABS(AB27) -> 6.1254213 | AC60: 0 | AD60: =1/ABS(AD27) -> 5.6907621 | AE60: =1/ABS(AE27) -> 0.92952091 | AF60: =1/ABS(AF27) -> 3.8053837 | AG60: =1/ABS(AG27) -> 1.6908187 | AH60: =1/ABS(AH27) -> 1.2516068 | AI60: =1/ABS(AI27) -> 1.3283443 | AJ60: =SUM(E60:AI60) -> 46.040622 | AK60: =$AJ60 -> 46.040622 | AL60: =$AJ60 -> 46.040622 | AM60: =$AJ60 -> 46.040622 | AN60: =$AJ60 -> 46.040622 | AO60: =$AJ60 -> 46.040622 | AP60: =$AJ60 -> 46.040622 | AQ60: =$AJ60 -> 46.040622 | AR60: =$AJ60 -> 46.040622 | ... BN60: =$AJ60 -> 46.040622
D61: 西藏 | E61: =1/ABS(E28) -> 0.1697035 | F61: =1/ABS(F28) -> 0.20737236 | G61: =1/ABS(G28) -> 1.5097955 | H61: =1/ABS(H28) -> 2.770418 | I61: =1/ABS(I28) -> 0.47842601 | J61: =1/ABS(J28) -> 0.57996885 | K61: =1/ABS(K28) -> 1.0295707 | L61: =1/ABS(L28) -> 2.0019888 | ... AC61: =1/ABS(AC28) -> 5.6907621 | AD61: 0 | AE61: =1/ABS(AE28) -> 1.1109881 | AF61: =1/ABS(AF28) -> 2.280455 | AG61: =1/ABS(AG28) -> 2.4055458 | AH61: =1/ABS(AH28) -> 1.6044937 | AI61: =1/ABS(AI28) -> 1.7328215 | AJ61: =SUM(E61:AI61) -> 69.501826 | AK61: =$AJ61 -> 69.501826 | AL61: =$AJ61 -> 69.501826 | AM61: =$AJ61 -> 69.501826 | AN61: =$AJ61 -> 69.501826 | AO61: =$AJ61 -> 69.501826 | AP61: =$AJ61 -> 69.501826 | AQ61: =$AJ61 -> 69.501826 | AR61: =$AJ61 -> 69.501826 | ... BN61: =$AJ61 -> 69.501826
D62: 陕西 | E62: =1/ABS(E29) -> 0.20029922 | F62: =1/ABS(F29) -> 0.2549626 | G62: =1/ABS(G29) -> 4.2059525 | H62: =1/ABS(H29) -> 1.8547945 | I62: =1/ABS(I29) -> 0.84027419 | J62: =1/ABS(J29) -> 1.2133995 | K62: =1/ABS(K29) -> 14.049102 | L62: =1/ABS(L29) -> 2.4962783 | ... AD62: =1/ABS(AD29) -> 1.1109881 | AE62: 0 | AF62: =1/ABS(AF29) -> 0.74704435 | AG62: =1/ABS(AG29) -> 2.064437 | AH62: =1/ABS(AH29) -> 3.6120635 | AI62: =1/ABS(AI29) -> 3.0959161 | AJ62: =SUM(E62:AI62) -> 63.261638 | AK62: =$AJ62 -> 63.261638 | AL62: =$AJ62 -> 63.261638 | AM62: =$AJ62 -> 63.261638 | AN62: =$AJ62 -> 63.261638 | AO62: =$AJ62 -> 63.261638 | AP62: =$AJ62 -> 63.261638 | AQ62: =$AJ62 -> 63.261638 | AR62: =$AJ62 -> 63.261638 | ... BN62: =$AJ62 -> 63.261638
D63: 甘肃 | E63: =1/ABS(E30) -> 0.15794945 | F63: =1/ABS(F30) -> 0.19008688 | G63: =1/ABS(G30) -> 0.90838869 | H63: =1/ABS(H30) -> 1.250836 | I63: =1/ABS(I30) -> 0.39546069 | J63: =1/ABS(J30) -> 0.46237653 | K63: =1/ABS(K30) -> 0.70932674 | L63: =1/ABS(L30) -> 1.0660841 | ... AE63: =1/ABS(AE30) -> 0.74704435 | AF63: 0 | AG63: =1/ABS(AG30) -> 1.1706654 | AH63: =1/ABS(AH30) -> 0.94183371 | AI63: =1/ABS(AI30) -> 0.98463725 | AJ63: =SUM(E63:AI63) -> 37.304711 | AK63: =$AJ63 -> 37.304711 | AL63: =$AJ63 -> 37.304711 | AM63: =$AJ63 -> 37.304711 | AN63: =$AJ63 -> 37.304711 | AO63: =$AJ63 -> 37.304711 | AP63: =$AJ63 -> 37.304711 | AQ63: =$AJ63 -> 37.304711 | AR63: =$AJ63 -> 37.304711 | ... BN63: =$AJ63 -> 37.304711
D64: 青海 | E64: =1/ABS(E31) -> 0.18258423 | F64: =1/ABS(F31) -> 0.22693555 | G64: =1/ABS(G31) -> 4.0545697 | H64: =1/ABS(H31) -> 18.264935 | I64: =1/ABS(I31) -> 0.59719986 | J64: =1/ABS(J31) -> 0.76421957 | K64: =1/ABS(K31) -> 1.7999451 | L64: =1/ABS(L31) -> 11.933571 | ... AF64: =1/ABS(AF31) -> 1.1706654 | AG64: 0 | AH64: =1/ABS(AH31) -> 4.818267 | AI64: =1/ABS(AI31) -> 6.1962708 | AJ64: =SUM(E64:AI64) -> 117.56044 | AK64: =$AJ64 -> 117.56044 | AL64: =$AJ64 -> 117.56044 | AM64: =$AJ64 -> 117.56044 | AN64: =$AJ64 -> 117.56044 | AO64: =$AJ64 -> 117.56044 | AP64: =$AJ64 -> 117.56044 | AQ64: =$AJ64 -> 117.56044 | AR64: =$AJ64 -> 117.56044 | ... BN64: =$AJ64 -> 117.56044
D65: 宁夏 | E65: =1/ABS(E32) -> 0.18977562 | F65: =1/ABS(F32) -> 0.23815229 | G65: =1/ABS(G32) -> 25.580818 | H65: =1/ABS(H32) -> 3.8125271 | I65: =1/ABS(I32) -> 0.68169217 | J65: =1/ABS(J32) -> 0.90828092 | K65: =1/ABS(K32) -> 2.8733239 | L65: =1/ABS(L32) -> 8.0810503 | ... AG65: =1/ABS(AG32) -> 4.818267 | AH65: 0 | AI65: =1/ABS(AI32) -> 21.665605 | AJ65: =SUM(E65:AI65) -> 209.96728 | AK65: =$AJ65 -> 209.96728 | AL65: =$AJ65 -> 209.96728 | AM65: =$AJ65 -> 209.96728 | AN65: =$AJ65 -> 209.96728 | AO65: =$AJ65 -> 209.96728 | AP65: =$AJ65 -> 209.96728 | AQ65: =$AJ65 -> 209.96728 | AR65: =$AJ65 -> 209.96728 | ... BN65: =$AJ65 -> 209.96728
D66: 新疆 | E66: =1/ABS(E33) -> 0.18812775 | F66: =1/ABS(F33) -> 0.23556294 | G66: =1/ABS(G33) -> 11.730494 | H66: =1/ABS(H33) -> 4.6266927 | I66: =1/ABS(I33) -> 0.66089752 | J66: =1/ABS(J33) -> 0.87173541 | K66: =1/ABS(K33) -> 2.5368793 | L66: =1/ABS(L33) -> 12.888228 | ... AH66: =1/ABS(AH33) -> 21.665605 | AI66: 0 | AJ66: =SUM(E66:AI66) -> 152.71598 | AK66: =$AJ66 -> 152.71598 | AL66: =$AJ66 -> 152.71598 | AM66: =$AJ66 -> 152.71598 | AN66: =$AJ66 -> 152.71598 | AO66: =$AJ66 -> 152.71598 | AP66: =$AJ66 -> 152.71598 | AQ66: =$AJ66 -> 152.71598 | AR66: =$AJ66 -> 152.71598 | ... BN66: =$AJ66 -> 152.71598
B68: 1/绝对值行标准化
E69: 北京 | F69: 天津 | G69: 河北 | H69: 山西 | I69: 内蒙古 | J69: 辽宁 | K69: 吉林 | L69: 黑龙江 | M69: 上海 | N69: 江苏 | O69: 浙江 | P69: 安徽 | Q69: 福建 | R69: 江西 | S69: 山东 | T69: 河南 | U69: 湖北 | V69: 湖南 | W69: 广东 | X69: 广西 | Y69: 海南 | Z69: 重庆 | AA69: 四川 | AB69: 贵州 | AC69: 云南 | AD69: 西藏 | AE69: 陕西 | AF69: 甘肃 | AG69: 青海 | AH69: 宁夏 | AI69: 新疆
D70: 北京 | E70: =E36/AJ36 -> 0 | F70: =F36/AK36 -> 0.094777644 | G70: =G36/AL36 -> 0.019396394 | H70: =H36/AM36 -> 0.018339611 | I70: =I36/AN36 -> 0.026679887 | J70: =J36/AO36 -> 0.024337576 | K70: =K36/AP36 -> 0.020614001 | L70: =L36/AQ36 -> 0.018810747 | ... AE70: =AE36/BJ36 -> 0.020320105 | AF70: =AF36/BJ36 -> 0.016023774 | AG70: =AG36/BK36 -> 0.018522942 | AH70: =AH36/BL36 -> 0.019252499 | AI70: =AI36/BM36 -> 0.019085325
D71: 天津 | E71: =E37/AJ37 -> 0.093761283 | F71: =F37/AK37 -> 0 | G71: =G37/AL37 -> 0.024125772 | H71: =H37/AM37 -> 0.02249594 | I71: =I37/AN37 -> 0.036734549 | J71: =J37/AO37 -> 0.032395233 | K71: =K37/AP37 -> 0.026061221 | L71: =L37/AQ37 -> 0.023216951 | ... AD71: =AD37/BI37 -> 0.020812066 | AE71: =AE37/BI37 -> 0.025588263 | AF71: =AF37/BJ37 -> 0.01907728 | AG71: =AG37/BK37 -> 0.022775445 | AH71: =AH37/BL37 -> 0.023901166 | AI71: =AI37/BM37 -> 0.023641296
D72: 河北 | E72: =E38/AJ38 -> 0.0016541966 | F72: =F38/AK38 -> 0.0020798389 | G72: =G38/AL38 -> 0 | H72: =H38/AM38 -> 0.028707221 | I72: =I38/AN38 -> 0.0060594253 | J72: =J38/AO38 -> 0.0081476734 | K72: =K38/AP38 -> 0.028005453 | L72: =L38/AQ38 -> 0.053132081 | ... AD72: =AD38/BI38 -> 0.013062639 | AE72: =AE38/BI38 -> 0.03638959 | AF72: =AF38/BJ38 -> 0.0078593118 | AG72: =AG38/BK38 -> 0.035079838 | AH72: =AH38/BL38 -> 0.22132335 | AI72: =AI38/BM38 -> 0.10149137
D73: 山西 | E73: =E39/AJ39 -> 0.001437817 | F73: =F39/AK39 -> 0.0017827893 | G73: =G39/AL39 -> 0.026389949 | H73: =H39/AM39 -> 0 | I73: =I39/AN39 -> 0.0045994636 | J73: =J39/AO39 -> 0.0058341419 | K73: =K39/AP39 -> 0.013031699 | L73: =L39/AQ39 -> 0.057406794 | ... AD73: =AD39/BI39 -> 0.022034617 | AE73: =AE39/BI39 -> 0.014752173 | AF73: =AF39/BJ39 -> 0.0099485677 | AG73: =AG39/BK39 -> 0.1452708 | AH73: =AH39/BL39 -> 0.030323068 | AI73: =AI39/BM39 -> 0.036798563
D74: 内蒙古 | E74: =E40/AJ40 -> 0.0064555691 | F74: =F40/AK40 -> 0.0089847839 | G74: =G40/AL40 -> 0.017191583 | H74: =H40/AM40 -> 0.014195289 | I74: =I40/AN40 -> 0 | J74: =J40/AO40 -> 0.067076037 | K74: =K40/AP40 -> 0.021938279 | L74: =L40/AQ40 -> 0.015431684 | ... AD74: =AD40/BI40 -> 0.011743891 | AE74: =AE40/BI40 -> 0.020626155 | AF74: =AF40/BJ40 -> 0.0097073472 | AG74: =AG40/BK40 -> 0.014659425 | AH74: =AH40/BL40 -> 0.016733452 | AI74: =AI40/BM40 -> 0.016223007
D75: 辽宁 | E75: =E41/AJ41 -> 0.008381488 | F75: =F41/AK41 -> 0.011277356 | G75: =G41/AL41 -> 0.032901167 | H75: =H41/AM41 -> 0.025627561 | I75: =I41/AN41 -> 0.095468619 | J75: =J41/AO41 -> 0 | K75: =K41/AP41 -> 0.046400559 | L75: =L41/AQ41 -> 0.028526672 | ... AD75: =AD41/BI41 -> 0.020262599 | AE75: =AE41/BI41 -> 0.042393014 | AF75: =AF41/BJ41 -> 0.016154231 | AG75: =AG41/BK41 -> 0.026699839 | AH75: =AH41/BL41 -> 0.031732967 | AI75: =AI41/BM41 -> 0.030456162
D76: 吉林 | E76: =E42/AJ42 -> 0.0033199573 | F76: =F42/AK42 -> 0.0042427491 | G76: =G42/AL42 -> 0.052886729 | H76: =H42/AM42 -> 0.026770577 | I76: =I42/AN42 -> 0.014602332 | J76: =J42/AO42 -> 0.021699495 | K76: =K42/AP42 -> 0 | L76: =L42/AQ42 -> 0.034632331 | ... AD76: =AD42/BI42 -> 0.016821825 | AE76: =AE42/BI42 -> 0.22954375 | AF76: =AF42/BJ42 -> 0.011589461 | AG76: =AG42/BK42 -> 0.029408723 | AH76: =AH42/BL42 -> 0.046946313 | AI76: =AI42/BM42 -> 0.041449253
D77: 黑龙江 | E77: =E43/AJ43 -> 0.000687132 | F77: =F43/AK43 -> 0.00085727803 | G77: =G43/AL43 -> 0.022757515 | H77: =H43/AM43 -> 0.026747545 | I77: =I43/AN43 -> 0.0023296833 | J77: =J43/AO43 -> 0.0030258085 | K77: =K43/AP43 -> 0.0078549901 | L77: =L43/AQ43 -> 0 | ... AD77: =AD43/BI43 -> 0.0074189505 | AE77: =AE43/BI43 -> 0.0092506837 | AF77: =AF43/BJ43 -> 0.0039506841 | AG77: =AG43/BK43 -> 0.044223311 | AH77: =AH43/BL43 -> 0.029946677 | AI77: =AI43/BM43 -> 0.04776107
D78: 上海 | E78: =E44/AJ44 -> 0.310795 | F78: =F44/AK44 -> 0.076791575 | G78: =G44/AL44 -> 0.019559206 | H78: =H44/AM44 -> 0.01855718 | I78: =I44/AN44 -> 0.026282728 | J78: =J44/AO44 -> 0.024154617 | K78: =K44/AP44 -> 0.020705234 | L78: =L44/AQ44 -> 0.019004755 | ... AD78: =AD44/BI44 -> 0.017484399 | AE78: =AE44/BI44 -> 0.020429442 | AF78: =AF44/BJ44 -> 0.016337047 | AG78: =AG44/BK44 -> 0.018731506 | AH78: =AH44/BL44 -> 0.019423171 | AI78: =AI44/BM44 -> 0.019264969
D79: 江苏 | E79: =E45/AJ45 -> 0.032979318 | F79: =F45/AK45 -> 0.065198773 | G79: =G45/AL45 -> 0.023311836 | H79: =H45/AM45 -> 0.021224327 | I79: =I45/AN45 -> 0.043652338 | J79: =J45/AO45 -> 0.035674404 | K79: =K45/AP45 -> 0.025925636 | L79: =L45/AQ45 -> 0.022135534 | ... AD79: =AD45/BI45 -> 0.019168557 | AE79: =AE45/BI45 -> 0.025272761 | AF79: =AF45/BJ45 -> 0.017150469 | AG79: =AG45/BK45 -> 0.021575296 | AH79: =AH45/BL45 -> 0.023018186 | AI79: =AI45/BM45 -> 0.022680855
D80: 浙江 | E80: =E46/AJ46 -> 0.023748246 | F80: =F46/AK46 -> 0.040400679 | G80: =G46/AL46 -> 0.02341881 | H80: =H46/AM46 -> 0.021013845 | I80: =I46/AN46 -> 0.051155587 | J80: =J46/AO46 -> 0.039243089 | K80: =K46/AP46 -> 0.026531319 | L80: =L46/AQ46 -> 0.022055028 | ... AD80: =AD46/BI46 -> 0.018712373 | AE80: =AE46/BI46 -> 0.025743028 | AF80: =AF46/BJ46 -> 0.016515005 | AG80: =AG46/BK46 -> 0.021413319 | AH80: =AH46/BL46 -> 0.023076254 | AI80: =AI46/BM46 -> 0.022684476
D81: 安徽 | E81: =E47/AJ47 -> 0.00087111739 | F81: =F47/AK47 -> 0.0010774642 | G81: =G47/AL47 -> 0.013567313 | H81: =H47/AM47 -> 0.084707232 | I81: =I47/AN47 -> 0.0027250142 | J81: =J47/AO47 -> 0.0034269223 | K81: =K47/AP47 -> 0.007290814 | L81: =L47/AQ47 -> 0.024837688 | ... AD81: =AD47/BI47 -> 0.016043347 | AE81: =AE47/BI47 -> 0.0081606325 | AF81: =AF47/BJ47 -> 0.0065618477 | AG81: =AG47/BK47 -> 0.043383266 | AH81: =AH47/BL47 -> 0.015225906 | AI81: =AI47/BM47 -> 0.017794362
D82: 福建 | E82: =E48/AJ48 -> 0.0091453664 | F82: =F48/AK48 -> 0.013426638 | G82: =G48/AL48 -> 0.016387127 | H82: =H48/AM48 -> 0.014116188 | I82: =I48/AN48 -> 0.06890063 | J82: =J48/AO48 -> 0.037829884 | K82: =K48/AP48 -> 0.019623094 | L82: =L48/AQ48 -> 0.015076656 | ... AD82: =AD48/BI48 -> 0.012106794 | AE82: =AE48/BI48 -> 0.018769154 | AF82: =AF48/BJ48 -> 0.010321836 | AG82: =AG48/BK48 -> 0.014480735 | AH82: =AH48/BL48 -> 0.016052172 | AI82: =AI48/BM48 -> 0.015673901
... D94: 云南 | E94: =E60/AJ60 -> 0.0035792162 | F94: =F60/AK60 -> 0.0043457571 | G94: =G60/AL60 -> 0.025916792 | H94: =H60/AM60 -> 0.04047097 | I94: =I60/AN60 -> 0.0095855275 | J94: =J60/AO60 -> 0.01143183 | K94: =K60/AP60 -> 0.01893628 | L94: =L60/AQ60 -> 0.032166901 | ... AD94: =AD60/BI60 -> 0.12360307 | AE94: =AE60/BI60 -> 0.020189148 | AF94: =AF60/BJ60 -> 0.082652744 | AG94: =AG60/BK60 -> 0.036724498 | AH94: =AH60/BL60 -> 0.027184837 | AI94: =AI60/BM60 -> 0.028851572
D95: 西藏 | E95: =E61/AJ61 -> 0.0024417129 | F95: =F61/AK61 -> 0.0029836966 | G95: =G61/AL61 -> 0.021723105 | H95: =H61/AM61 -> 0.039861082 | I95: =I61/AN61 -> 0.0068836466 | J95: =J61/AO61 -> 0.0083446563 | K95: =K61/AP61 -> 0.014813578 | L95: =L61/AQ61 -> 0.028804838 | ... AI95: =AI61/BN61 -> 0.024932029
D96: 陕西 | E96: =E62/AJ62 -> 0.0031662035 | F96: =F62/AK62 -> 0.0040302878 | G96: =G62/AL62 -> 0.06648504 | H96: =H62/AM62 -> 0.02931942 | I96: =I62/AN62 -> 0.013282524 | J96: =J62/AO62 -> 0.019180652 | K96: =K62/AP62 -> 0.22207933 | L96: =L62/AQ62 -> 0.039459591 | ... AD96: =AD62/BI62 -> 0.017561798 | AE96: =AE62/BI62 -> 0 | AF96: =AF62/BJ62 -> 0.011808805 | AG96: =AG62/BK62 -> 0.032633316 | AH96: =AH62/BL62 -> 0.057097217 | AI96: =AI62/BM62 -> 0.048938285
D97: 甘肃 | E97: =E63/AJ63 -> 0.0042340351 | F97: =F63/AK63 -> 0.0050955194 | G97: =G63/AL63 -> 0.024350509 | H97: =H63/AM63 -> 0.033530242 | I97: =I63/AN63 -> 0.010600824 | J97: =J63/AO63 -> 0.012394588 | K97: =K63/AP63 -> 0.019014401 | L97: =L63/AQ63 -> 0.028577735 | ... AD97: =AD63/BI63 -> 0.061130484 | AE97: =AE63/BI63 -> 0.020025469 | AF97: =AF63/BJ63 -> 0 | AG97: =AG63/BK63 -> 0.031381168 | AH97: =AH63/BL63 -> 0.025247045 | AI97: =AI63/BM63 -> 0.026394448
D98: 青海 | E98: =E64/AJ64 -> 0.0015531094 | F98: =F64/AK64 -> 0.0019303735 | G98: =G64/AL64 -> 0.034489236 | H98: =H64/AM64 -> 0.15536634 | I98: =I64/AN64 -> 0.005079939 | J98: =J64/AO64 -> 0.0065006524 | K98: =K64/AP64 -> 0.015310806 | L98: =L64/AQ64 -> 0.10151009 | ... AD98: =AD64/BI64 -> 0.020462204 | AE98: =AE64/BI64 -> 0.017560644 | AF98: =AF64/BJ64 -> 0.0099579874 | AG98: =AG64/BK64 -> 0 | AH98: =AH64/BL64 -> 0.040985445 | AI98: =AI64/BM64 -> 0.052707108
D99: 宁夏 | E99: =E65/AJ65 -> 0.00090383427 | F99: =F65/AK65 -> 0.0011342353 | G99: =G65/AL65 -> 0.1218324 | H99: =H65/AM65 -> 0.01815772 | I99: =I65/AN65 -> 0.0032466591 | J99: =J65/AO65 -> 0.0043258213 | K99: =K65/AP65 -> 0.013684627 | L99: =L65/AQ65 -> 0.038487189 | ... AD99: =AD65/BI65 -> 0.0076416368 | AE99: =AE65/BI65 -> 0.017202983 | AF99: =AF65/BJ65 -> 0.0044856214 | AG99: =AG65/BK65 -> 0.022947704 | AH99: =AH65/BL65 -> 0 | AI99: =AI65/BM65 -> 0.10318563
D100: 新疆 | E100: =E66/AJ66 -> 0.0012318799 | F100: =F66/AK66 -> 0.0015424904 | G100: =G66/AL66 -> 0.076812485 | H100: =H66/AM66 -> 0.030296061 | I100: =I66/AN66 -> 0.004327625 | J100: =J66/AO66 -> 0.0057082132 | K100: =K66/AP66 -> 0.016611747 | L100: =L66/AQ66 -> 0.084393448 | ... AD100: =AD66/BI66 -> 0.011346694 | AE100: =AE66/BI66 -> 0.020272377 | AF100: =AF66/BJ66 -> 0.0064475061 | AG100: =AG66/BK66 -> 0.04057382 | AH100: =AH66/BL66 -> 0.14186861 | AI100: =AI66/BM66 -> 0

Sheet 空间地理距离矩阵（基于经纬度）
B1: 纬度 | C1: 经度 | F1: 北京 | G1: 天津 | H1: 河北 | I1: 山西 | J1: 内蒙古 | K1: 辽宁 | L1: 吉林 | M1: 黑龙江 | N1: 上海 | O1: 江苏 | P1: 浙江 | Q1: 安徽 | R1: 福建 | S1: 江西 | T1: 山东 | U1: 河南 | V1: 湖北 | W1: 湖南 | X1: 广东 | Y1: 广西 | Z1: 海南 | AA1: 重庆 | AB1: 四川 | AC1: 贵州 | AD1: 云南 | AE1: 西藏 | AF1: 陕西 | AG1: 甘肃 | AH1: 青海 | AI1: 宁夏 | AJ1: 新疆
A2: 北京 | B2: 39.55 | C2: 116.24 | E2: 北京 | F2: 0 | G2: 0.86302841 | H2: 2.1511082 | I2: 3.6589329 | J2: 3.8137329 | K2: 5.6658905 | L2: 7.790307 | M2: 9.4938118 | N2: 9.3603264 | O2: 7.7318286 | P2: 9.9070088 | Q2: 8.0654363 | R2: 13.721994 | S2: 11.164563 | T2: 3.2064238 | U2: 5.5715599 | V2: 9.3543225 | W2: 11.822196 | X2: 16.678492 | Y2: 18.390878 | Z2: 20.208003 | AA2: 12.749872 | AB2: 13.528011 | AC2: 15.537503 | AD2: 18.579913 | AE2: 22.963733 | AF2: 8.1553673 | AG2: 10.642612 | AH2: 12.044793 | AI2: 7.9429206 | AJ2: 21.864587
A3: 天津 | B3: 39.02 | C3: 117.12 | E3: 天津 | F3: 0.86302841 | G3: 0 | H3: 2.4222316 | I3: 4.0402286 | J3: 4.6254438 | K3: 5.284101 | L3: 7.5577513 | M3: 9.3707188 | N3: 8.5844298 | O3: 7.0742987 | P3: 9.191758 | Q3: 7.5001107 | R3: 13.084658 | S3: 10.699468 | T3: 2.6217185 | U3: 5.4467073 | V3: 9.0014119 | W3: 11.530578 | X3: 16.295751 | Y3: 18.209642 | Z3: 19.914673 | AA3: 12.838319 | AB3: 13.755765 | AC3: 15.518419 | AD3: 18.676853 | AE3: 23.455875 | AF3: 8.3987198 | AG3: 11.184673 | AH3: 12.636102 | AI3: 8.587626 | AJ3: 22.687254
A4: 河北 | B4: 38.02 | C4: 114.3 | E4: 河北 | F4: 2.1511082 | G4: 2.4222316 | H4: 0 | I4: 1.6292952 | J4: 3.3252797 | K4: 7.6966186 | L4: 9.910196 | M4: 11.642357 | N4: 8.9635821 | O4: 6.8889325 | P4: 9.2064793 | Q4: 6.9132553 | R4: 12.659234 | S4: 9.6763773 | T4: 2.6920686 | U4: 3.6331906 | V4: 7.6707512 | W4: 10.002589 | X4: 14.972974 | Y4: 16.401103 | Z4: 18.34798 | AA4: 10.604084 | AB4: 11.390452 | AC4: 13.427903 | AD4: 16.431098 | AE4: 21.055127 | AF4: 6.0193827 | AG4: 8.8328695 | AH4: 10.333719 | AI4: 6.4045148 | AJ4: 21.02106
A5: 山西 | B5: 37.54 | C5: 112.33 | E5: 山西 | F5: 3.6589329 | G5: 4.0402286 | H5: 1.6292952 | I5: 0 | J5: 3.0256084 | K5: 9.2914388 | L5: 11.448252 | M5: 13.116018 | N5: 9.7735752 | O5: 7.459972 | P5: 9.7954093 | Q5: 7.2180867 | R5: 12.870912 | S5: 9.5289943 | T5: 3.9008551 | U5: 3.1992613 | V5: 7.3497458 | W5: 9.4225203 | X5: 14.476716 | Y5: 15.475973 | Z5: 17.617707 | AA5: 9.294415 | AB5: 9.9033757 | AC5: 12.255048 | AD5: 15.077042 | AE5: 19.425958 | AF5: 4.5426931 | AG5: 7.2179098 | AH5: 8.7419627 | AI5: 4.9217748 | AJ5: 19.800361
A6: 内蒙古 | B6: 40.48 | C6: 111.41 | E6: 内蒙古 | F6: 3.8137329 | G6: 4.6254438 | H6: 3.3252797 | I6: 3.0256084 | J6: 0 | K6: 8.9870557 | L6: 10.671774 | M6: 11.988259 | N6: 12.288743 | O6: 10.176195 | P6: 12.506148 | Q6: 10.093354 | R6: 15.808263 | S6: 12.549028 | T6: 5.9822799 | U6: 6.2232219 | V6: 10.375107 | W6: 12.398023 | X6: 17.461007 | Y6: 18.204614 | Z6: 20.486105 | AA6: 11.591846 | AB6: 11.722161 | AC6: 14.724089 | AD6: 17.167859 | AE6: 19.915185 | AF6: 6.7008881 | AG6: 7.6232582 | AH6: 8.7856255 | AI6: 4.6198626 | AJ6: 18.062216
A7: 辽宁 | B7: 41.48 | C7: 123.25 | E7: 辽宁 | F7: 5.6658905 | G7: 5.284101 | H7: 7.6966186 | I7: 9.2914388 | J7: 8.9870557 | K7: 0 | L7: 2.5075666 | M7: 4.5573462 | N7: 10.459077 | O7: 10.195018 | P7: 11.602211 | Q7: 11.087 | R7: 15.791415 | S7: 14.507979 | T7: 7.0273278 | U7: 10.455003 | V7: 13.322061 | W7: 15.943249 | X7: 20.252841 | Y7: 22.81784 | Z7: 24.147767 | AA7: 18.004077 | AB7: 19.024441 | AC7: 20.51491 | AD7: 23.829499 | AE7: 28.619982 | AF7: 13.678539 | AG7: 16.281406 | AH7: 17.631745 | AI7: 13.478071 | AJ7: 26.34373
A8: 吉林 | B8: 43.54 | C8: 125.19 | E8: 吉林 | F8: 7.790307 | G8: 7.5577513 | H8: 9.910196 | I8: 11.448252 | J8: 10.671774 | K8: 2.5075666 | L8: 0 | M8: 2.0751804 | N8: 12.7777 | O8: 12.668481 | P8: 13.978813 | Q8: 13.582897 | R8: 18.159995 | S8: 17.00358 | T8: 9.4968282 | U8: 12.874741 | V8: 15.828189 | W8: 18.449033 | X8: 22.746817 | Y8: 25.319497 | Z8: 26.652448 | AA8: 20.379539 | AB8: 21.298403 | AC8: 22.95902 | AD8: 26.215427 | AE8: 30.544978 | AF8: 15.929255 | AG8: 18.198307 | AH8: 19.448587 | AI8: 15.275608 | AJ8: 27.202309
A9: 黑龙江 | B9: 45.44 | C9: 126.36 | E9: 黑龙江 | F9: 9.4938118 | G9: 9.3707188 | H9: 11.642357 | I9: 13.116018 | J9: 11.988259 | K9: 4.5573462 | L9: 2.0751804 | M9: 0 | N9: 14.835248 | O9: 14.740073 | P9: 16.047658 | Q9: 15.644155 | R9: 20.225797 | S9: 19.065158 | T9: 11.46115 | U9: 14.770057 | V9: 17.84934 | W9: 20.46744 | X9: 24.809804 | Y9: 27.321099 | Z9: 28.701082 | AA9: 22.205177 | AB9: 23.014997 | AC9: 24.86345 | AD9: 28.043304 | AE9: 31.89898 | AF9: 17.6441 | AG9: 19.601596 | AH9: 20.756374 | AI9: 16.604966 | AJ9: 27.640172
A10: 上海 | B10: 31.14 | C10: 121.29 | E10: 上海 | F10: 9.3603264 | G10: 8.5844298 | H10: 8.9635821 | I10: 9.7735752 | J10: 12.288743 | K10: 10.459077 | L10: 12.7777 | M10: 14.835248 | N10: 0 | O10: 2.5697012 | P10: 1.4171838 | Q10: 3.539488 | R10: 5.4162705 | S10: 5.6848988 | T10: 6.3531429 | U10: 7.4134126 | V10: 6.1689543 | W10: 8.1398161 | X10: 10.836002 | Y10: 14.529715 | Z10: 14.937357 | AA10: 12.810935 | AB10: 14.825203 | AC10: 13.874851 | AD10: 17.700162 | AE10: 26.049839 | AF10: 11.120931 | AG10: 15.573194 | AH10: 17.245814 | AI10: 14.309703 | AJ10: 29.401356
A11: 江苏 | B11: 32.03 | C11: 118.46 | E11: 江苏 | F11: 7.7318286 | G11: 7.0742987 | H11: 6.8889325 | I11: 7.459972 | J11: 10.176195 | K11: 10.195018 | L11: 12.668481 | M11: 14.740073 | N11: 2.5697012 | O11: 0 | P11: 2.3385257 | Q11: 1.2094328 | R11: 6.0129821 | S11: 4.415403 | T11: 4.5335214 | U11: 4.8789147 | V11: 4.0356976 | W11: 6.4082693 | X11: 10.112493 | Y11: 13.197026 | Z11: 14.105593 | AA11: 10.518205 | AB11: 12.430078 | AC11: 11.936132 | AD11: 15.705685 | AE11: 23.603028 | AF11: 8.5529162 | AG11: 13.005578 | AH11: 14.677992 | AI11: 11.819651 | AJ11: 26.907252
A12: 浙江 | B12: 30.16 | C12: 120.1 | E12: 浙江 | F12: 9.9070088 | G12: 9.191758 | H12: 9.2064793 | I12: 9.7954093 | J12: 12.506148 | K12: 11.602211 | L12: 13.978813 | M12: 16.047658 | N12: 1.4171838 | O12: 2.3385257 | P12: 0 | Q12: 2.8596139 | R12: 4.1892882 | S12: 4.3409365 | T12: 6.7556089 | U12: 7.1071653 | V12: 5.1252213 | W12: 6.8676736 | X12: 9.4205331 | Y12: 13.136489 | Z12: 13.521161 | AA12: 11.764952 | AB12: 13.859409 | AC12: 12.627901 | AD12: 16.461598 | AE12: 25.112273 | AF12: 10.543636 | AG12: 15.064236 | AH12: 16.729049 | AI12: 14.068252 | AJ12: 29.132171
A13: 安徽 | B13: 31.52 | C13: 117.17 | E13: 安徽 | F13: 8.0654363 | G13: 7.5001107 | H13: 6.9132553 | I13: 7.2180867 | J13: 10.093354 | K13: 11.087 | L13: 13.582897 | M13: 15.644155 | N13: 3.539488 | O13: 1.2094328 | P13: 2.8596139 | Q13: 0 | R13: 5.7462746 | S13: 3.4210059 | T13: 4.8820337 | U13: 4.317028 | V13: 2.8265976 | W13: 5.2285738 | X13: 9.1659802 | Y13: 12.061415 | Z13: 13.092514 | AA13: 9.3509865 | AB13: 11.308009 | AC13: 10.726812 | AD13: 14.49725 | AE13: 22.516657 | AF13: 7.6926174 | AG13: 12.206362 | AH13: 13.872446 | AI13: 11.260394 | AJ13: 26.296674
... A32: 新疆 | B32: 43.45 | C32: 87.36 | E32: 新疆 | F32: 21.864587 | G32: 22.687254 | H32: 21.02106 | I32: 19.800361 | J32: 18.062216 | K32: 26.34373 | L32: 27.202309 | M32: 27.640172 | N32: 29.401356 | O32: 26.907252 | P32: 29.132171 | Q32: 26.296674 | R32: 31.105582 | S32: 27.132744 | T32: 23.654796 | U32: 22.035394 | V32: 24.955813 | W32: 25.399541 | X32: 29.425874 | Y32: 27.136361 | Z32: 30.223978 | AA32: 20.635473 | AB32: 18.589624 | AC32: 23.055164 | AD32: 22.145395 | AE32: 14.354637 | AF32: 18.875422 | AG32: 14.423136 | AH32: 12.906083 | AI32: 15.092217 | AJ32: 0
